0,1,2,3,4,5,6,7,8,9,10,11,12,13,14,15,16,17,18,19,20,21,22,23,24,25,26,27,28,29,30,31,32,33,34,35,36,37,38,39,40,41,42,43,44,45,46,47,48,49,50,51,52,53,54,55,56,57,58,59,60,61,62,63,64
36,32,36,68,88,101,45,50,32,46,98,119,129,137,48,46,43,81,87,65,68,98,86,38,62,116,113,231,200,97,136,38,112,218,231,241,250,235,218,58,38,199,229,219,214,236,226,97,49,224,214,197,229,237,76,86,252,90,218,193,194,229,62,65,0
31,24,28,45,61,88,41,50,25,37,69,114,116,127,47,38,25,73,76,49,68,55,82,94,73,119,79,86,90,58,143,78,107,98,119,126,180,121,111,67,36,89,111,101,88,117,102,170,40,89,95,64,55,97,87,167,56,94,99,83,79,114,67,112,1
19,30,38,72,95,85,57,54,35,44,107,132,145,151,36,48,33,85,104,67,69,107,82,49,102,123,239,251,251,113,139,42,119,223,244,254,248,234,221,55,40,218,247,228,227,185,187,143,47,230,203,189,213,225,80,72,65,98,216,191,189,229,74,88,0
25,32,46,60,80,105,32,50,34,67,87,114,112,136,72,39,35,76,82,63,65,70,89,74,51,121,70,90,87,63,145,87,84,103,112,119,169,110,112,76,43,97,105,64,59,107,113,157,41,97,91,68,80,103,97,139,159,92,87,79,83,105,56,84,1
125,34,41,83,104,94,53,51,29,48,120,140,146,152,35,49,32,84,107,72,72,108,84,55,98,133,247,254,252,124,137,43,124,231,255,254,255,241,225,51,40,235,250,216,223,180,141,190,38,233,196,188,204,230,64,70,51,115,209,191,193,226,42,94,0
32,31,43,64,82,110,36,55,33,60,88,115,120,134,65,35,34,80,76,56,67,78,92,59,43,110,78,86,89,65,143,77,87,105,113,122,157,114,112,50,42,96,105,71,72,110,112,54,41,95,93,77,76,106,108,122,59,94,88,90,86,107,63,97,1
107,40,42,85,96,51,66,49,31,63,115,146,149,143,35,58,31,81,102,78,64,110,66,52,73,132,240,253,237,128,121,43,117,239,247,252,242,239,230,52,44,245,236,216,181,250,124,125,42,224,208,195,227,236,99,92,46,214,210,189,192,237,58,78,0
36,25,41,54,78,101,32,49,32,51,81,112,115,129,67,34,31,67,66,61,72,64,93,52,44,110,57,82,84,60,134,71,108,106,113,114,160,111,114,61,44,98,105,74,53,108,111,62,44,97,99,74,72,107,106,101,59,93,89,93,94,97,73,69,1
118,35,39,81,102,70,56,54,37,48,114,140,146,144,36,54,35,83,101,83,67,107,83,53,82,128,241,244,240,130,131,41,116,227,255,255,254,238,211,52,40,236,248,212,214,188,124,140,43,233,193,189,197,224,119,66,56,109,210,190,192,210,43,82,0
33,30,34,53,80,105,53,56,29,53,72,110,116,134,64,36,43,76,81,65,71,64,97,56,61,109,98,85,102,70,140,108,112,100,118,109,172,110,114,74,43,101,105,67,67,109,112,118,38,92,97,71,80,101,104,112,47,104,98,84,75,98,57,84,1
39,36,47,85,107,99,40,52,32,56,119,138,141,156,47,49,28,83,103,70,68,105,87,50,103,131,230,255,245,116,144,44,120,229,246,254,240,235,223,56,39,245,237,210,211,187,227,163,40,228,206,190,236,230,206,82,47,129,205,188,186,233,70,65,0
33,30,38,52,76,97,27,45,31,51,75,109,115,127,65,39,34,75,78,58,61,71,95,49,44,116,77,91,87,75,145,81,117,104,116,120,158,109,114,58,43,96,107,76,69,109,115,60,41,100,96,78,76,107,105,122,59,94,91,89,85,104,65,97,1
41,39,41,78,105,97,41,55,32,56,108,140,145,154,46,46,31,77,101,66,68,108,88,52,81,129,130,246,231,112,147,44,110,237,237,255,246,238,234,56,45,233,218,225,215,223,233,156,42,225,211,202,245,253,210,110,60,191,198,189,188,223,101,64,0
35,30,32,55,70,100,42,69,34,49,70,104,108,122,78,34,29,70,86,52,78,61,100,47,72,109,33,80,82,55,134,53,122,107,112,110,168,108,112,134,40,97,105,81,44,106,110,68,40,99,100,82,79,106,105,72,57,100,93,95,93,90,77,54,1
36,33,42,93,105,87,55,57,31,61,113,138,141,150,33,48,31,77,106,75,66,104,82,48,117,129,233,251,251,121,135,43,119,230,248,255,240,236,220,62,44,242,237,216,216,180,230,105,42,230,202,191,217,226,119,141,48,117,210,192,188,231,53,73,0
33,27,38,49,76,93,44,50,33,51,72,100,110,126,80,36,39,74,84,65,66,72,94,43,105,111,82,85,90,67,144,57,48,101,116,111,170,109,110,119,45,101,106,76,64,105,109,128,38,100,96,76,75,96,106,48,56,122,98,90,82,88,204,89,1
46,39,41,77,101,55,59,51,31,51,106,141,147,139,31,54,28,78,103,66,63,105,76,44,104,127,230,248,245,121,128,41,113,227,241,254,237,235,221,58,42,224,240,215,216,185,135,131,38,232,203,189,213,226,123,63,44,106,216,192,191,230,48,84,0
106,26,25,44,65,79,38,51,24,40,65,97,101,105,51,33,38,70,76,63,64,79,83,54,37,100,65,84,87,71,141,128,39,100,113,130,146,108,105,58,64,90,105,76,78,112,109,149,39,44,94,54,51,97,91,76,67,80,104,75,76,103,101,114,1
33,35,43,77,105,106,45,54,34,56,108,135,138,153,50,46,33,81,106,65,76,104,92,57,75,122,183,240,255,109,146,47,113,218,238,253,248,236,230,231,42,184,239,226,219,179,231,125,45,246,216,189,225,218,255,77,71,107,213,191,190,236,206,75,0
113,30,30,45,68,78,44,48,32,35,65,100,106,109,65,37,52,64,68,59,57,70,88,56,46,94,31,81,89,79,139,77,38,97,109,121,145,109,105,112,40,95,103,75,67,108,113,132,40,43,93,61,60,98,108,109,53,115,102,81,72,94,96,69,1
129,36,39,66,97,82,55,52,33,48,99,131,139,143,34,42,38,77,101,65,67,99,85,37,78,112,155,235,239,105,137,42,59,210,236,255,244,233,236,87,39,133,238,222,224,184,232,80,48,128,211,188,211,211,251,102,56,43,212,193,190,227,51,73,0
113,27,30,48,71,80,41,41,32,34,59,103,109,115,57,38,40,62,69,59,62,89,89,50,49,96,61,82,90,69,144,61,38,94,113,118,158,111,108,110,40,98,103,62,65,112,113,51,58,40,96,66,53,90,106,46,99,54,105,83,69,91,115,45,1
33,32,40,70,98,97,48,57,32,37,92,127,136,148,45,44,41,77,98,64,64,100,89,45,91,106,183,242,248,105,139,42,46,201,236,255,247,235,230,134,42,108,240,223,224,180,234,134,44,69,214,190,206,211,255,48,63,120,218,197,193,227,45,50,0
38,28,42,62,75,80,34,43,36,51,80,110,123,130,61,38,40,69,63,73,64,88,83,47,50,106,71,92,99,92,149,56,59,104,113,143,141,110,108,115,95,95,106,76,111,119,113,46,63,47,92,53,50,92,108,44,91,138,94,83,71,94,114,58,1
29,31,42,80,97,112,31,58,35,38,96,123,127,149,67,35,42,80,96,63,75,87,86,48,39,103,213,242,236,103,145,93,41,200,233,254,249,231,227,78,41,110,233,226,223,174,242,123,48,71,207,193,203,211,218,63,54,138,217,195,195,230,56,53,0
59,37,33,43,65,73,44,61,244,37,56,98,108,114,62,40,77,64,45,71,62,82,88,56,238,96,71,78,94,68,144,76,168,94,113,110,167,113,111,130,196,142,104,72,92,118,114,48,224,184,98,50,49,89,109,51,216,211,108,77,71,90,116,46,1
100,33,33,70,94,100,29,53,40,39,85,120,130,139,55,40,41,75,92,65,64,91,86,48,40,98,117,229,237,96,148,86,43,170,233,246,242,228,229,80,42,131,229,223,216,177,237,134,53,55,207,189,213,214,239,53,55,126,216,195,193,229,51,54,0
41,31,42,57,78,90,39,47,36,48,76,108,124,126,67,39,40,68,67,69,63,88,87,46,142,91,31,77,87,67,146,59,167,100,115,129,150,111,111,120,221,92,107,69,68,108,112,72,233,142,97,71,75,101,107,52,255,224,95,90,76,89,109,81,1
124,33,31,57,88,86,55,56,39,37,80,123,130,130,51,42,43,79,92,62,58,96,92,43,41,102,109,207,157,98,145,81,37,199,226,240,246,231,224,71,44,109,206,213,212,188,240,66,55,83,213,198,233,215,255,98,51,53,214,195,192,227,58,56,0
41,31,43,59,82,85,30,46,34,45,75,112,117,128,60,37,41,62,69,73,62,89,86,58,72,95,44,82,99,66,148,53,106,96,116,132,148,111,110,136,149,91,112,71,76,114,113,72,142,117,93,62,60,92,106,50,163,130,94,81,70,93,116,73,1
27,35,42,77,99,101,44,61,38,43,101,129,126,143,49,47,43,76,91,69,63,109,101,50,48,106,212,243,254,121,125,42,42,168,244,251,255,229,231,132,46,193,246,217,224,225,242,87,76,60,214,191,202,214,198,76,53,108,181,201,198,227,118,48,0
87,38,34,54,79,89,44,50,36,44,79,109,119,125,68,40,52,65,79,64,61,86,96,53,217,96,40,85,94,67,145,56,218,96,119,128,167,114,111,141,225,92,107,60,80,121,114,52,229,145,95,66,49,93,107,60,220,155,97,86,68,88,115,59,1
38,31,41,69,96,103,25,46,32,45,91,128,135,144,60,36,37,76,91,68,68,99,87,53,89,113,97,217,173,98,150,70,59,217,221,243,253,236,229,126,60,217,184,211,214,224,247,57,39,230,227,198,235,252,211,52,55,56,216,196,198,220,68,78,0
86,32,41,58,82,80,38,54,34,45,76,110,119,122,54,39,29,64,71,79,62,90,92,56,44,98,70,90,94,89,147,110,51,102,115,146,141,111,109,139,54,91,113,82,114,126,113,65,53,194,89,47,51,95,106,68,62,206,97,75,74,96,117,78,1
113,32,39,65,96,89,46,63,45,38,82,126,133,141,49,49,42,80,96,66,63,92,90,44,47,97,123,227,241,106,135,37,49,151,234,253,243,233,224,108,51,180,238,223,228,195,240,111,54,53,211,195,206,209,252,72,73,149,222,198,200,228,57,55,0
108,32,35,55,77,89,45,38,37,46,69,105,112,119,65,36,41,55,66,59,64,85,85,38,33,94,55,81,91,70,143,73,38,87,114,128,154,112,109,105,41,84,108,60,72,119,113,212,54,37,95,63,46,90,104,207,94,56,107,84,72,92,106,252,1
119,27,32,55,85,87,49,58,35,31,78,122,131,138,51,40,48,73,94,63,65,93,93,47,44,99,116,230,231,96,145,121,51,103,231,245,242,230,230,84,56,53,231,227,222,183,235,64,50,77,209,195,206,211,236,65,109,74,220,198,193,226,55,51,0
102,27,45,66,78,83,42,51,34,45,74,108,113,125,72,43,39,67,72,79,60,86,89,46,36,102,72,90,102,95,144,84,38,100,113,146,142,113,111,105,42,92,111,77,105,121,115,139,52,48,94,48,45,87,103,139,94,45,98,81,73,85,104,157,1
57,35,31,68,95,97,37,53,40,34,84,125,132,144,55,40,42,81,96,66,64,95,87,39,47,101,111,231,234,93,146,87,44,180,229,237,242,229,231,51,46,110,225,221,215,172,237,88,64,69,203,192,222,213,228,55,67,178,216,198,193,228,49,61,0
93,26,47,69,86,92,49,55,33,47,82,111,104,113,86,51,49,63,71,78,66,85,80,90,70,97,75,93,97,88,135,110,83,97,108,143,143,109,109,101,97,96,105,73,73,114,109,97,64,46,91,72,77,90,109,180,56,57,95,89,76,86,112,187,1
19,33,36,63,90,107,38,48,39,38,80,118,129,138,69,34,40,79,90,61,71,92,91,55,44,102,98,122,137,94,149,106,41,204,219,230,253,235,234,129,38,106,185,203,211,221,255,101,41,93,223,204,203,255,220,53,57,53,211,198,200,225,120,78,0
104,26,40,61,74,84,45,51,103,38,71,101,111,116,72,47,79,52,68,73,68,83,83,59,123,89,45,81,94,87,138,92,134,88,111,139,139,110,103,93,133,52,107,71,85,113,111,106,62,54,96,61,51,89,107,133,100,69,97,87,69,82,118,47,1
37,32,34,63,94,92,47,56,35,43,87,122,132,133,49,40,41,74,94,67,61,96,87,47,42,107,110,232,184,98,138,46,40,204,226,240,243,232,228,97,40,125,216,213,216,182,231,80,54,70,214,195,233,214,255,75,45,109,216,196,194,227,56,53,0
104,24,42,70,85,86,41,42,25,44,81,108,102,112,70,43,64,60,61,79,67,83,80,60,124,84,76,102,97,93,137,99,133,91,113,146,134,109,104,94,78,50,103,77,108,116,112,100,64,57,92,62,51,89,106,48,104,65,106,81,68,84,117,65,1
38,36,40,69,90,96,27,50,32,39,91,121,129,140,56,36,41,77,97,66,60,96,83,49,107,108,108,169,145,91,146,128,45,212,220,236,250,233,229,115,41,200,190,209,217,225,239,83,53,87,223,198,222,240,232,56,47,113,217,198,198,219,57,76,0
105,29,30,56,75,72,53,48,105,32,65,93,104,100,61,48,108,59,44,78,62,86,87,48,120,83,31,90,81,88,138,77,127,86,116,147,132,110,108,94,130,46,103,66,96,119,110,70,113,53,94,58,47,94,103,48,90,105,94,86,70,90,99,181,1
54,74,207,215,218,195,123,52,47,54,199,215,218,168,92,69,19,51,112,147,161,205,139,35,48,50,103,177,167,154,131,46,106,93,151,122,197,206,146,66,68,57,181,64,158,198,145,55,77,46,126,81,88,125,118,69,74,152,87,62,58,46,70,81,0
86,23,41,62,82,76,46,56,33,44,83,104,113,120,64,47,43,58,57,76,64,83,82,50,123,88,57,94,87,90,137,79,133,97,113,150,135,110,107,95,133,91,105,71,84,111,111,70,90,58,91,70,53,90,105,55,123,66,103,85,70,86,112,56,1
38,30,36,59,89,83,46,66,35,42,83,120,131,133,43,45,45,75,93,64,56,99,85,44,53,106,111,235,206,95,134,40,39,207,230,238,241,230,231,123,35,116,219,216,215,183,235,80,38,79,209,193,231,215,255,83,51,98,223,197,195,229,194,60,0
19,23,40,65,81,85,41,45,32,46,76,109,113,128,62,40,41,61,62,80,66,86,84,47,71,90,58,91,96,86,140,74,81,99,115,144,141,113,108,94,83,88,105,70,66,111,108,70,86,43,94,69,62,92,107,48,87,53,102,81,74,85,115,85,1
28,33,43,76,98,102,39,55,33,43,99,124,125,146,56,42,44,79,97,63,65,100,99,46,50,100,224,244,254,161,132,46,47,122,235,252,255,229,232,125,50,172,241,226,229,223,235,86,59,62,213,190,203,202,251,67,59,105,131,202,201,228,163,55,0
92,25,43,65,76,84,35,52,32,44,82,110,113,124,58,37,37,62,62,72,58,87,77,45,35,101,79,88,98,84,140,57,42,93,111,146,137,109,105,99,35,92,107,78,99,118,107,42,38,41,89,50,47,91,103,46,122,55,97,79,70,94,100,42,1
29,27,45,81,99,100,45,54,32,51,102,132,134,149,56,44,28,79,94,63,67,105,92,51,77,121,106,230,236,100,148,109,110,218,231,248,240,234,232,42,46,212,208,220,219,172,242,73,53,228,218,195,215,214,226,61,54,55,215,197,197,224,58,49,0
103,23,34,52,74,78,32,47,32,41,73,104,113,109,61,37,38,60,66,67,61,84,85,38,30,97,65,84,85,62,127,58,37,99,113,140,127,109,104,108,38,89,107,70,71,110,102,57,42,49,88,64,63,96,96,70,101,62,92,78,75,91,99,35,1
40,27,45,85,104,100,44,62,31,58,101,134,138,150,54,42,33,74,99,69,65,97,91,53,72,122,108,242,234,106,145,42,113,222,232,251,243,236,233,108,46,225,210,220,223,177,240,65,53,248,221,193,227,214,245,95,47,52,216,195,195,228,61,42,0
110,30,30,50,71,73,32,42,32,39,67,100,107,108,54,35,39,59,67,65,60,78,72,47,48,102,76,73,82,82,120,48,48,101,119,139,129,109,100,124,47,88,108,71,65,106,104,60,54,41,89,52,61,96,94,69,104,69,97,74,73,93,104,57,1
36,26,44,82,103,95,44,61,32,49,101,131,138,150,48,42,32,74,96,69,66,100,93,49,70,122,114,244,232,105,144,41,110,221,232,253,243,235,231,82,55,216,216,221,221,179,241,104,55,246,216,190,229,215,255,82,43,53,216,194,191,237,49,42,0
60,26,34,47,72,91,39,44,31,47,72,106,110,115,59,34,38,64,75,58,59,78,75,39,63,109,70,84,84,65,125,43,48,103,115,133,134,111,103,122,46,89,113,70,73,107,101,52,53,98,87,59,69,100,95,49,68,56,85,77,71,91,101,39,1
53,32,40,78,100,106,33,51,32,49,97,129,127,149,65,45,34,79,101,63,67,100,88,41,66,113,117,239,251,100,148,110,107,211,232,246,246,234,233,58,49,224,216,220,219,180,247,129,62,127,212,195,204,215,223,72,52,58,214,196,193,227,64,46,0
112,29,30,41,59,65,54,46,27,38,63,96,101,106,44,38,33,69,74,59,64,66,72,42,42,105,105,87,89,90,110,49,53,99,122,130,141,114,99,60,46,91,111,79,83,108,98,116,56,56,89,68,50,97,52,69,57,164,96,72,74,101,111,70,1
38,27,42,75,102,105,29,62,32,51,100,130,135,150,56,40,30,75,95,63,65,100,86,48,81,120,108,227,234,99,148,46,112,221,227,241,249,235,232,77,34,224,196,208,217,198,251,89,59,227,222,201,208,235,220,90,50,56,216,195,197,223,66,47,0
112,31,32,41,63,75,61,47,28,42,63,98,112,106,46,39,35,71,82,60,59,70,72,42,97,108,86,86,94,79,116,50,102,98,121,126,151,114,99,53,37,94,115,81,75,113,99,110,37,100,89,49,51,98,75,55,45,39,91,71,71,96,81,84,1
36,31,46,83,99,94,39,55,31,63,104,131,133,151,49,43,33,81,96,62,61,97,87,49,76,127,97,236,170,102,145,43,117,225,224,246,254,237,229,98,44,230,175,211,219,235,241,70,39,221,242,198,234,255,231,90,56,136,211,194,200,221,77,60,0
80,31,31,47,71,75,52,55,28,43,69,104,113,110,46,40,35,72,79,60,58,75,71,45,69,114,79,92,97,78,123,46,120,105,122,140,143,117,102,58,40,99,118,89,90,114,100,122,40,93,94,60,43,98,85,67,47,41,92,76,75,100,50,93,1
36,34,42,80,93,106,33,59,32,45,106,127,123,147,51,43,37,76,93,66,68,95,94,41,97,111,229,246,255,115,134,46,43,206,233,255,255,233,218,135,46,118,241,227,225,205,239,122,53,64,211,194,200,202,230,80,47,109,219,199,194,229,54,61,0
116,31,29,41,60,71,59,55,31,37,62,103,109,113,47,40,30,73,86,54,68,71,75,48,68,111,99,93,94,86,122,49,48,97,123,129,165,118,105,58,37,95,114,105,98,118,96,119,35,67,96,73,50,93,83,57,53,52,98,76,74,101,54,106,1
26,30,37,62,98,97,34,56,34,41,87,123,130,154,51,46,40,82,89,61,67,92,90,46,103,102,163,241,247,117,137,42,39,126,230,253,255,232,220,136,43,103,243,227,214,212,238,87,51,51,214,196,196,203,249,77,56,104,221,200,195,229,84,56,0
89,33,33,46,67,71,69,55,30,44,65,96,111,115,45,41,31,65,74,60,64,65,72,49,56,111,100,91,98,79,117,51,120,109,126,131,156,117,110,44,39,97,117,59,71,101,105,123,44,93,94,59,67,106,102,94,51,70,91,75,74,99,48,87,1
29,32,34,64,99,89,54,52,39,42,84,123,135,147,46,49,40,80,94,63,72,94,89,42,93,103,118,223,245,104,135,40,38,189,230,250,253,234,226,136,42,100,231,225,219,196,239,112,55,53,207,196,197,205,238,92,69,108,219,202,195,227,40,53,0
33,35,34,53,72,74,41,47,32,47,77,106,115,116,50,44,28,70,75,78,56,73,72,40,44,106,53,88,91,65,115,53,117,117,129,137,145,115,117,47,42,98,117,69,85,115,108,108,38,96,99,73,73,108,98,80,51,95,82,83,83,95,49,95,1
32,36,40,72,99,88,43,56,34,45,95,125,135,149,41,53,30,78,92,62,65,102,92,41,97,112,101,228,238,99,136,38,116,221,224,238,243,233,230,138,38,222,211,207,216,179,234,86,42,121,216,197,205,216,252,60,64,109,214,198,195,234,47,50,0
40,28,37,55,83,99,34,47,33,53,91,118,123,135,69,39,31,78,92,60,65,82,90,46,36,119,91,91,93,97,127,47,127,116,127,137,168,119,111,121,40,102,118,74,60,118,108,136,61,102,100,75,71,110,97,160,48,96,85,85,80,88,133,72,1
119,34,28,46,82,55,52,43,32,39,73,115,130,123,33,45,32,73,89,61,55,104,83,39,71,106,99,128,132,106,108,41,49,203,225,238,244,233,211,103,40,114,218,219,220,182,90,98,43,77,207,193,206,207,223,93,49,91,220,197,190,230,52,55,0
32,34,39,52,78,86,29,43,31,45,80,116,123,136,58,40,31,71,89,62,66,72,88,44,43,120,100,94,100,91,125,50,124,115,128,137,168,124,112,138,40,100,122,69,68,119,110,112,42,95,98,66,66,109,98,82,46,107,87,79,77,101,83,101,1
39,26,44,76,88,101,32,61,32,58,99,122,127,150,45,45,33,70,95,60,64,90,94,42,63,121,103,228,238,91,144,39,120,222,223,236,250,233,231,139,41,228,186,201,213,204,241,86,46,231,222,204,201,247,222,65,62,106,216,196,200,224,52,55,0
43,32,38,57,78,92,39,47,34,48,84,119,124,133,60,48,28,72,80,61,65,71,90,43,43,115,82,95,101,56,117,48,78,121,130,140,151,120,124,133,40,105,119,67,74,120,112,93,45,98,101,74,76,119,102,116,37,99,85,94,93,93,46,84,1
35,26,41,75,94,91,38,55,35,50,98,122,132,150,41,46,33,77,91,63,61,94,93,41,56,120,88,160,173,93,137,40,115,225,218,233,253,233,233,137,42,227,176,200,212,217,238,101,42,215,225,205,198,247,246,49,59,103,216,197,202,224,50,46,0
34,37,33,51,68,86,34,49,35,50,86,110,122,127,57,42,31,70,83,65,67,63,75,37,48,105,40,93,93,38,116,50,78,120,126,136,148,119,129,122,36,103,119,70,84,120,113,128,40,98,105,73,79,121,97,67,34,106,84,88,96,92,54,92,1
32,31,44,65,92,92,36,57,31,59,92,115,128,143,47,44,32,75,81,62,61,88,89,47,49,115,80,117,130,102,130,42,104,222,216,226,255,231,227,130,45,228,181,198,212,247,234,77,73,221,236,202,210,252,251,63,75,101,214,196,204,225,49,55,0
39,29,30,52,78,85,36,51,34,47,85,118,128,139,58,52,31,68,94,63,64,84,84,41,50,122,59,98,100,66,134,54,104,115,132,142,167,127,121,50,45,98,124,86,79,122,113,70,60,96,94,57,58,111,101,67,40,102,87,78,77,101,42,134,1
33,28,43,69,91,83,40,42,30,63,101,116,114,140,32,37,45,74,84,63,59,96,86,40,64,107,227,224,236,113,105,51,45,213,229,244,239,232,230,194,36,200,231,220,225,219,112,61,43,124,213,196,210,208,71,91,253,98,221,205,205,143,252,55,0
37,39,32,56,76,84,39,46,33,50,80,122,129,135,58,47,31,68,90,62,64,84,89,43,48,119,30,95,103,48,132,57,70,119,135,144,159,125,120,63,40,102,125,79,71,116,116,78,42,101,99,61,72,118,99,88,49,94,85,77,78,100,50,107,1
32,30,37,55,78,81,49,47,31,48,72,106,118,134,40,49,38,73,81,63,63,94,84,42,66,105,77,110,128,93,129,46,47,207,217,220,249,231,230,128,43,140,188,191,210,205,245,62,66,66,211,210,199,218,255,86,255,99,220,202,201,232,216,48,0
33,30,38,55,72,75,46,47,37,49,91,114,123,130,50,51,28,71,69,70,56,75,79,40,45,109,38,93,98,56,126,58,85,122,129,146,153,124,131,59,44,102,121,79,86,122,114,79,41,100,98,74,75,120,103,104,38,100,86,86,93,100,69,64,1
28,29,42,68,85,90,35,47,30,61,86,109,114,143,48,41,31,77,82,62,60,78,87,41,71,112,78,99,117,81,137,51,97,221,211,217,247,236,230,144,39,226,204,200,207,255,240,100,52,230,245,203,208,242,251,61,103,99,214,195,209,227,196,48,0
38,25,38,55,80,80,41,48,34,51,87,117,124,130,55,50,28,72,78,67,64,75,88,48,40,115,59,90,94,66,134,62,81,121,130,151,155,124,131,52,47,103,124,76,83,120,116,79,43,100,99,74,80,117,102,97,42,100,86,84,87,102,61,84,1
30,30,29,40,70,71,46,56,28,35,58,79,94,110,40,38,26,70,44,73,78,52,84,42,73,95,33,66,79,58,128,37,117,212,217,233,248,250,218,137,38,215,239,247,219,247,238,112,43,233,239,221,198,231,248,59,56,102,222,194,198,205,86,44,0
38,37,35,51,80,70,58,57,30,46,85,117,124,129,47,48,30,65,81,64,66,83,92,50,49,119,95,98,104,109,135,52,99,116,132,152,155,126,122,55,41,100,125,84,74,121,116,67,68,94,95,57,63,112,110,93,45,97,88,75,82,105,61,59,1
32,29,34,46,80,86,45,55,28,41,62,94,114,126,49,43,24,69,74,54,71,84,87,44,51,99,97,76,103,71,135,45,107,221,211,215,246,245,231,106,47,167,250,229,203,255,249,67,59,225,252,223,203,242,232,68,67,95,217,199,200,209,186,47,0
35,37,40,49,79,88,31,43,30,42,74,117,124,137,59,50,29,67,81,61,67,68,100,43,46,113,49,94,98,65,126,59,72,116,132,130,175,124,124,140,47,102,121,70,71,124,117,107,40,95,99,75,76,115,106,80,51,93,86,83,97,96,44,101,1
33,33,38,58,93,48,50,39,30,45,81,109,131,124,34,29,34,70,82,64,56,100,41,69,46,111,73,103,121,100,59,46,99,218,214,217,250,235,95,46,40,214,183,180,206,174,106,108,50,219,213,233,198,220,118,77,234,86,213,201,203,231,77,44,0
35,34,34,49,74,77,42,49,37,46,81,110,124,126,54,52,29,73,75,71,62,70,75,46,43,108,33,92,95,42,128,61,77,117,125,139,155,121,131,75,45,102,116,67,85,122,116,85,41,100,95,83,85,111,103,89,50,97,89,95,106,98,42,89,1
35,25,41,77,107,57,47,37,32,59,101,119,138,148,32,36,43,73,85,63,76,101,38,93,64,117,78,136,238,102,122,38,74,224,223,228,247,242,222,53,91,232,184,177,209,208,200,119,44,214,226,242,207,254,250,135,36,222,213,198,194,208,54,77,0
39,30,40,57,82,91,41,48,36,49,91,123,125,136,55,46,27,71,84,68,63,83,87,50,41,115,101,96,104,105,139,57,72,116,128,143,148,126,124,52,45,105,113,85,85,119,118,75,42,98,94,72,84,99,102,78,50,100,99,94,103,102,43,108,1
38,30,41,75,101,104,44,38,30,55,98,122,127,154,28,37,34,74,93,63,93,87,88,38,53,111,114,236,246,98,131,38,99,205,236,245,240,235,222,59,40,160,230,215,206,181,242,120,45,215,203,204,191,214,249,79,59,97,215,195,201,231,42,83,0
35,34,36,52,76,79,58,53,32,49,81,118,124,133,48,55,28,72,83,62,62,88,89,61,42,123,80,100,113,89,143,49,123,113,123,140,152,128,121,52,42,101,113,99,75,119,118,63,41,95,89,61,69,89,107,70,72,99,95,93,101,107,61,67,1
34,29,43,78,101,97,41,38,30,60,108,115,126,156,33,44,33,76,91,61,79,85,90,37,53,114,210,234,251,122,128,39,104,218,233,251,234,233,223,55,38,196,234,218,204,192,235,130,61,222,209,200,192,208,252,76,195,94,214,195,198,231,45,83,0
42,30,31,49,78,83,41,50,28,45,80,121,126,137,55,52,33,75,91,62,67,88,90,49,71,121,86,95,103,62,141,53,119,109,130,130,177,126,121,50,40,96,119,91,71,121,119,88,43,94,96,62,78,95,103,67,33,64,92,91,99,105,49,141,1
33,33,41,64,96,104,42,39,30,47,96,120,126,156,28,41,31,77,87,66,94,82,87,36,49,107,232,228,254,246,127,44,102,191,234,251,232,231,230,60,37,105,250,220,205,207,239,118,65,121,216,196,191,196,238,70,241,97,214,200,197,231,46,89,0
32,31,33,56,76,72,57,64,28,43,87,123,131,135,47,54,31,75,94,60,58,86,94,56,78,123,90,92,104,80,141,46,122,110,129,139,162,128,121,52,42,105,122,105,100,128,119,71,43,97,93,121,113,104,110,86,86,95,93,83,87,107,64,62,1
36,30,40,76,101,107,43,40,28,43,98,113,122,156,32,42,32,73,76,63,104,86,100,34,56,105,219,245,255,247,123,43,102,151,238,253,233,235,234,74,36,100,250,225,205,219,219,101,44,117,213,193,195,203,188,84,242,97,223,202,200,220,79,86,0
40,25,34,54,84,82,47,56,32,48,84,125,134,135,44,47,33,73,89,66,58,81,95,53,48,125,74,94,104,83,141,48,127,110,130,142,160,128,118,50,39,101,124,94,90,127,118,66,40,100,92,91,56,108,106,83,65,102,88,84,90,110,61,81,1
31,28,46,81,103,96,46,40,33,65,106,119,124,157,30,41,32,77,95,58,86,84,94,38,86,117,108,219,250,97,131,37,77,225,229,236,244,235,227,50,52,223,196,192,205,164,242,129,44,234,196,233,203,236,240,82,112,104,211,197,201,219,63,79,0
41,31,32,51,75,83,41,58,30,42,81,125,130,138,47,47,33,72,86,60,59,81,90,53,70,116,66,96,100,45,139,45,116,109,130,133,168,126,121,56,42,98,123,94,76,123,117,65,40,96,92,46,55,106,110,109,39,111,91,87,87,108,59,59,1
34,30,44,72,109,76,46,39,28,60,109,114,122,144,37,116,34,73,80,62,78,94,43,75,86,117,229,238,255,241,49,33,96,210,243,252,231,232,85,53,37,171,248,226,204,237,85,119,62,214,216,192,193,204,82,74,220,93,214,201,201,91,73,43,0
38,32,39,60,90,97,35,52,34,53,90,131,135,146,59,43,31,73,84,63,61,95,93,48,47,126,82,94,102,85,144,55,128,115,130,144,170,128,123,58,40,100,124,93,87,129,121,89,56,97,93,37,44,102,105,112,55,101,89,80,85,102,49,116,1
39,30,37,65,101,63,52,40,28,45,83,117,133,150,31,38,31,74,89,62,79,96,35,75,46,109,113,221,249,110,130,40,104,203,234,240,240,233,234,50,41,108,227,205,205,202,150,112,43,203,205,201,192,209,191,82,226,92,215,202,198,230,56,75,0
58,32,34,53,83,83,47,57,32,46,88,128,133,139,53,50,33,77,96,58,64,91,93,57,76,122,84,92,103,94,143,50,123,110,129,138,177,130,119,53,42,104,129,105,119,133,120,121,39,94,94,103,97,100,112,99,73,63,94,78,81,104,47,70,1
31,30,44,74,105,52,50,40,33,51,96,122,139,144,34,37,32,77,92,59,63,97,40,82,64,116,109,226,241,111,47,37,89,222,230,239,245,239,125,52,45,204,208,209,204,187,89,136,36,254,207,201,202,214,150,125,110,94,212,194,200,238,53,81,0
36,33,33,59,91,96,36,52,33,50,87,130,133,140,60,46,32,71,84,65,60,87,88,50,43,122,82,89,101,68,141,54,106,116,133,143,160,126,125,56,43,100,127,91,69,128,123,76,59,99,91,48,58,110,104,98,54,101,85,76,81,104,50,129,1
39,30,39,66,103,47,49,41,30,51,94,119,135,147,34,28,33,77,94,58,77,96,43,79,49,109,121,233,252,115,51,44,97,203,232,245,237,236,109,51,40,128,238,214,201,215,94,140,53,214,209,199,194,203,94,99,102,93,215,201,199,239,55,50,0
36,31,41,60,95,96,30,46,30,43,88,132,136,152,65,44,32,72,95,60,66,91,103,48,88,128,77,99,107,72,152,56,124,109,129,136,183,126,120,82,40,105,126,104,115,132,121,134,35,98,90,93,70,96,109,87,63,59,91,74,78,106,62,93,1
32,36,42,74,103,67,51,37,31,51,96,120,130,147,31,36,31,77,94,61,82,99,44,79,96,119,106,235,244,99,114,40,80,223,227,236,246,237,224,50,48,229,195,190,205,168,128,109,43,239,197,226,205,223,252,81,108,96,209,197,204,234,62,79,0
40,31,32,53,80,81,52,63,30,45,85,125,132,133,51,50,36,73,87,56,63,83,82,50,80,124,82,91,104,89,139,45,124,110,130,146,159,127,117,52,44,108,125,103,123,129,111,109,39,99,83,103,60,105,48,85,60,46,92,79,84,110,49,61,1
32,32,43,72,99,102,41,39,29,58,98,122,127,156,30,36,33,79,94,61,95,89,36,64,63,116,108,227,253,101,132,41,86,215,228,233,241,233,221,52,54,228,202,190,209,170,248,98,43,237,190,219,202,228,244,96,112,94,209,197,197,219,77,87,0
35,30,38,54,84,86,51,46,28,44,83,125,128,137,52,52,33,74,90,63,63,90,83,56,87,124,81,90,103,73,140,51,126,107,123,135,165,124,118,48,40,99,125,99,116,127,115,119,40,93,86,98,47,101,116,81,69,62,88,77,80,103,50,116,1
31,28,48,81,99,44,54,40,34,68,101,126,140,139,33,28,63,79,92,56,61,104,46,98,73,116,78,128,214,106,46,71,75,226,217,225,252,240,141,46,80,232,180,178,205,217,141,166,67,221,234,227,197,253,113,108,109,216,203,192,193,223,53,93,0
36,32,34,55,81,92,62,53,28,49,87,123,128,133,58,46,33,70,85,65,63,78,87,51,84,119,85,90,95,85,139,51,121,111,126,138,161,126,119,55,38,98,125,96,103,124,113,101,40,94,85,59,42,102,116,105,87,94,84,79,83,105,37,68,1
36,33,41,70,105,89,48,37,32,56,94,116,131,149,31,38,32,70,89,60,84,94,34,80,43,114,97,160,240,97,131,42,72,213,216,225,244,234,218,46,75,218,177,168,200,201,226,109,45,214,198,242,197,251,245,79,123,108,206,195,190,211,61,66,0
51,31,32,48,75,81,60,58,30,44,83,122,128,129,47,46,31,75,89,62,63,86,90,53,79,114,86,92,99,84,137,49,118,107,127,135,161,125,117,50,40,98,124,100,115,124,113,116,41,92,82,92,50,103,72,90,59,49,87,75,82,106,54,66,1
32,29,32,67,95,91,38,34,29,46,91,116,121,153,30,36,26,71,90,60,90,87,91,38,37,106,108,222,237,97,130,41,105,201,229,236,237,230,213,45,40,136,222,205,199,190,235,82,57,189,197,199,185,205,244,54,53,91,207,194,193,227,43,84,0
33,32,32,53,72,73,56,57,30,48,88,121,125,129,42,49,28,67,89,65,58,73,87,54,52,116,76,88,93,70,135,45,122,112,131,136,146,124,116,50,43,100,123,91,77,120,112,91,39,93,81,39,57,109,94,94,70,97,83,72,81,105,54,48,1
30,26,39,80,93,91,46,53,32,45,93,125,125,136,48,49,27,71,91,67,58,92,101,39,89,107,151,229,238,112,125,45,36,209,227,250,243,231,219,130,36,145,226,216,224,206,239,100,43,94,199,186,196,196,244,92,59,100,212,190,192,223,53,47,0
33,33,35,53,83,84,60,55,29,50,86,123,128,133,47,44,28,72,83,64,60,85,85,54,41,118,83,90,95,82,138,45,124,111,127,139,151,127,116,50,42,101,122,90,89,121,112,126,40,94,85,44,52,108,98,85,55,98,83,75,81,108,64,60,1
119,29,33,72,91,76,45,41,35,32,82,123,127,130,53,36,36,72,91,62,62,84,86,49,41,102,96,221,225,98,134,56,44,192,224,239,234,227,224,115,37,100,204,204,188,187,238,49,44,72,210,188,217,208,220,48,128,59,214,191,191,219,113,44,0
32,30,31,50,72,77,44,59,31,45,77,121,125,134,49,49,28,69,82,60,61,81,84,53,72,114,70,93,98,63,134,45,119,108,127,136,159,124,116,50,42,100,124,98,90,122,112,110,41,96,87,49,45,104,91,91,76,94,85,72,78,107,65,70,1
55,22,44,84,103,90,36,39,31,42,97,131,113,120,64,34,35,68,89,92,69,100,90,39,36,100,101,236,224,108,133,64,47,212,222,239,233,230,223,103,47,220,184,201,178,183,245,53,73,115,213,198,246,211,236,72,131,65,210,194,183,218,204,36,0
44,33,32,51,73,78,49,51,29,46,75,120,126,129,49,46,31,67,85,62,62,79,86,53,81,117,77,89,96,73,136,46,118,108,126,131,163,125,116,50,41,100,121,97,97,122,112,123,39,96,90,54,43,106,92,84,69,72,85,78,79,103,53,59,1
123,29,36,68,97,78,41,52,76,36,82,128,124,131,55,34,73,69,89,67,70,93,97,49,87,85,104,240,237,117,135,49,83,130,226,241,224,230,218,106,49,48,210,204,209,197,249,56,42,47,205,190,206,204,236,58,147,66,137,197,191,214,116,46,0
36,33,37,55,81,89,53,49,32,46,85,119,125,133,51,43,28,69,79,68,59,70,84,42,50,113,40,85,93,36,132,55,72,113,129,132,153,119,122,68,44,100,122,73,77,121,116,71,34,98,92,68,73,112,101,74,61,97,83,77,80,101,53,146,1
121,21,38,82,100,61,49,51,30,50,101,127,124,126,49,36,34,69,77,86,69,90,101,60,45,112,88,246,222,120,125,59,54,222,223,240,227,231,219,112,52,221,197,206,174,185,237,56,52,228,209,199,218,217,230,166,135,56,212,193,191,217,115,75,0
37,33,35,54,79,87,58,48,29,45,80,121,129,137,61,41,31,67,87,56,63,77,85,46,68,113,74,90,94,56,137,50,120,108,128,129,168,119,119,68,43,103,121,70,65,122,115,102,44,94,87,48,61,107,106,65,68,103,84,74,74,98,49,113,1
120,30,30,64,93,82,40,50,25,34,80,126,133,133,50,34,39,63,88,53,61,85,87,47,38,94,87,228,236,98,141,57,40,213,220,237,235,230,226,108,41,52,194,213,208,181,248,39,34,83,214,203,237,213,222,194,139,44,209,197,187,222,182,49,0
35,30,32,49,78,77,56,52,28,45,79,118,125,133,51,46,28,69,88,57,58,77,86,48,93,116,85,87,95,83,136,48,119,109,125,130,165,123,116,52,40,100,121,86,102,123,111,108,33,94,87,46,46,103,94,82,58,65,85,70,80,106,52,61,1
120,23,36,68,91,95,40,49,33,39,85,130,128,138,53,34,38,66,88,66,66,88,90,49,44,98,86,214,235,98,144,62,52,205,219,236,235,233,230,113,59,99,190,213,207,181,247,36,59,96,222,202,235,211,214,45,121,61,210,194,187,220,190,38,0
35,30,33,52,79,75,56,59,28,43,80,120,126,130,41,49,28,71,80,74,61,85,80,51,69,119,72,85,95,71,134,42,126,110,123,141,150,123,115,47,37,97,123,86,106,122,106,82,39,95,84,58,48,108,66,87,56,94,80,74,82,106,66,77,1
119,31,31,60,93,87,42,49,29,32,75,128,130,131,52,37,37,62,87,57,60,89,84,48,32,91,98,228,231,98,139,85,35,186,222,238,238,232,227,114,42,46,204,220,218,176,245,65,64,66,207,193,216,208,236,39,136,56,211,195,189,226,129,41,0
36,25,37,59,90,96,31,47,32,50,91,127,130,140,53,45,28,73,74,62,62,94,85,52,38,117,82,88,92,92,137,49,111,111,125,140,149,122,118,55,41,103,122,81,71,118,113,97,42,96,85,44,65,112,111,86,58,93,84,75,79,104,51,73,1
120,30,29,59,86,71,45,54,27,27,70,122,130,122,43,37,43,65,89,58,60,97,85,35,30,92,87,210,193,98,138,113,47,219,217,236,238,231,227,126,53,70,197,212,209,182,244,56,64,79,212,195,235,211,234,73,130,55,208,193,188,227,121,40,0
33,29,33,49,75,98,36,48,28,43,87,123,127,139,62,40,31,75,90,59,63,85,85,53,93,117,76,93,99,76,140,49,123,108,123,130,175,122,118,54,40,99,121,105,107,125,119,103,37,94,90,82,48,98,117,83,61,57,91,77,74,105,49,64,1
119,29,29,58,88,72,44,51,29,30,73,124,129,125,45,37,43,66,88,58,53,92,85,44,31,93,93,223,228,97,141,115,36,189,219,236,237,232,226,123,44,60,198,215,213,176,245,59,64,67,205,194,229,206,238,57,136,55,210,193,187,225,125,34,0
37,32,32,56,83,89,50,47,32,47,86,123,127,130,53,44,27,70,78,64,64,72,87,53,46,112,46,82,86,35,133,47,126,112,122,138,150,120,121,52,41,97,119,73,67,105,110,100,45,96,92,60,73,109,106,72,61,97,84,77,79,105,66,58,1
121,30,31,65,99,68,45,58,33,33,82,128,131,128,43,37,34,66,90,65,59,96,88,38,44,102,87,225,226,107,134,73,50,210,222,243,232,233,228,114,51,175,202,212,208,188,238,54,44,89,213,190,223,209,222,82,118,54,208,195,190,223,103,39,0
37,31,34,52,74,79,50,53,28,43,81,117,122,127,47,46,27,71,75,60,62,69,87,50,39,108,56,81,93,23,133,46,126,113,127,131,155,121,120,51,38,98,120,68,67,105,111,113,40,95,89,52,73,111,112,84,60,100,84,76,79,103,67,60,1
121,30,26,52,82,61,43,59,32,32,74,120,127,122,47,41,36,63,83,70,58,98,88,40,45,95,82,97,121,98,139,99,46,210,217,237,251,231,224,129,51,120,170,209,212,195,247,59,44,90,220,199,231,213,218,75,118,62,207,194,187,219,124,44,0
44,31,30,48,72,73,56,57,28,45,80,115,122,125,42,47,29,70,69,64,63,73,82,51,66,113,59,82,90,33,133,45,124,108,124,135,151,123,116,44,38,97,124,79,64,119,105,61,39,97,89,42,61,111,63,76,57,95,84,74,81,103,78,80,1
118,31,27,53,89,79,45,50,32,28,73,119,130,124,47,42,38,63,86,68,58,94,88,42,46,93,76,104,123,98,139,125,41,209,218,237,249,232,228,127,52,106,172,208,214,195,255,61,50,88,222,199,225,216,235,70,113,63,208,194,192,219,134,40,0
41,31,35,59,84,101,27,43,31,45,91,126,128,139,61,41,28,67,86,57,64,74,83,45,52,118,79,87,95,55,139,58,126,109,129,129,173,121,118,83,39,99,119,64,68,119,114,110,36,94,88,53,62,108,100,71,67,99,84,80,77,101,49,122,1
118,30,30,63,90,68,46,55,34,34,80,122,131,124,42,38,34,59,87,64,57,98,86,38,43,98,81,175,149,97,140,84,49,217,217,237,246,233,226,127,56,119,181,211,209,175,243,58,47,104,217,200,233,210,222,76,116,53,207,195,186,225,118,43,0
37,28,40,60,82,93,40,44,31,50,86,126,125,134,55,46,29,67,86,65,56,86,86,56,39,114,49,87,88,36,131,49,108,112,119,139,152,121,121,56,43,99,119,69,82,101,114,100,50,98,87,63,72,110,101,80,59,94,84,76,78,105,77,61,1
119,27,30,57,92,59,46,58,32,34,83,120,130,122,42,45,33,64,82,68,63,101,86,37,54,101,83,152,126,102,137,63,51,219,217,238,247,230,225,127,51,220,177,214,202,183,240,59,49,222,222,198,240,215,228,93,96,53,211,194,184,228,110,39,0
37,32,37,57,85,90,40,49,31,46,87,125,127,135,58,38,28,67,85,58,62,84,84,51,50,119,79,88,94,60,134,45,126,111,126,130,159,121,120,53,40,95,120,69,63,118,115,98,39,98,90,52,74,109,105,89,61,95,84,72,78,102,59,59,1
119,29,30,61,89,60,46,60,31,38,81,121,127,122,38,41,32,58,80,77,59,101,85,40,47,99,80,101,130,107,136,62,49,219,216,237,251,230,227,126,48,209,179,210,208,208,241,63,54,236,226,199,240,219,227,99,97,54,213,194,185,222,117,42,0
32,30,32,55,75,76,42,57,28,46,81,118,123,125,46,46,27,66,73,61,61,75,90,53,92,116,61,88,94,54,134,43,125,108,122,131,156,123,115,46,39,100,120,79,71,118,111,102,41,95,90,48,60,109,68,97,50,96,84,76,82,105,58,85,1
120,26,29,60,91,60,47,61,31,38,82,118,126,123,39,45,34,62,82,71,60,101,86,36,47,97,81,105,126,105,138,68,49,222,217,237,248,230,226,130,51,211,175,212,208,197,242,62,50,229,226,200,237,216,226,95,98,56,212,192,185,222,119,44,0
37,29,31,48,81,80,34,45,28,45,79,119,122,128,54,47,30,64,65,58,69,70,83,54,40,109,48,88,92,29,132,48,127,109,126,125,151,120,121,57,40,100,117,64,71,107,113,115,41,94,92,59,68,112,107,77,69,98,82,77,77,102,69,50,1
117,27,29,58,90,57,47,58,29,37,85,120,126,123,41,43,33,58,79,71,60,100,87,36,47,97,82,103,134,105,138,64,51,223,217,237,248,230,225,124,51,201,174,211,210,195,240,63,53,233,226,200,237,215,219,97,99,52,211,191,185,222,116,42,0
37,31,31,49,80,82,48,50,30,46,85,116,123,128,43,44,32,68,72,66,57,80,86,53,41,111,46,84,91,37,133,47,124,109,125,135,149,121,118,47,38,98,118,74,73,105,112,68,38,93,90,48,76,113,90,75,56,98,80,75,80,106,84,58,1
119,28,27,64,84,59,46,59,31,34,84,120,127,122,41,44,32,54,77,68,59,102,88,39,50,95,75,98,125,107,136,67,48,222,216,237,251,230,225,125,49,208,172,210,211,200,240,61,48,234,225,197,237,215,220,95,97,48,212,191,187,222,115,43,0
36,32,35,55,82,90,37,47,29,51,84,127,128,138,59,41,27,77,84,58,63,86,87,53,62,120,81,82,94,67,137,52,123,109,122,133,159,121,115,61,39,102,120,76,68,121,115,113,39,94,90,47,68,108,106,91,52,95,83,76,81,105,48,79,1
120,30,33,65,92,69,45,55,29,33,85,122,131,127,43,38,31,62,88,66,61,96,91,39,45,100,80,227,201,103,139,79,46,206,219,237,237,229,226,120,52,123,197,212,210,183,239,54,49,88,212,194,236,207,226,99,122,52,209,194,190,227,114,42,0
35,33,35,54,85,109,30,44,31,45,85,122,124,141,63,41,31,66,86,54,70,78,103,49,40,113,59,88,91,32,130,53,126,109,124,122,175,119,118,130,42,101,118,70,59,118,113,114,46,98,90,70,74,108,101,65,47,96,86,80,79,93,54,88,1
117,23,33,64,97,63,47,55,30,43,89,127,131,130,45,40,34,63,84,70,65,99,90,44,49,101,77,232,188,108,137,80,52,217,219,237,241,229,227,115,49,223,186,211,204,181,236,52,47,191,217,201,244,211,219,87,106,52,213,194,188,227,110,41,0
36,26,36,57,82,90,33,45,33,51,81,125,126,137,60,44,28,67,76,60,68,65,95,44,46,109,35,85,92,30,127,56,83,112,127,126,154,116,119,125,43,103,115,68,68,115,113,101,36,98,90,65,73,114,99,107,86,100,83,86,86,92,55,130,1
116,25,32,71,94,68,44,55,29,38,87,125,132,129,44,37,34,62,85,67,63,99,89,42,47,98,80,212,154,105,136,79,52,217,218,237,243,230,228,121,52,221,183,212,204,182,237,54,51,203,219,203,244,210,219,83,106,54,213,194,187,226,112,41,0
37,32,36,50,80,93,33,42,30,42,82,116,123,133,59,45,29,68,77,55,71,63,103,44,43,111,55,83,91,31,128,54,128,110,126,121,169,117,118,119,41,100,115,66,61,117,111,107,46,93,93,68,73,109,102,62,61,98,84,78,81,94,49,131,1
119,31,33,60,93,76,48,48,35,35,75,120,131,130,47,35,36,66,84,52,55,98,85,38,47,90,86,197,207,99,142,120,50,206,219,234,243,228,228,129,54,83,191,208,216,176,246,70,52,84,211,199,224,207,238,89,126,49,209,197,188,223,124,38,0
39,35,33,53,74,85,40,43,28,43,83,117,125,127,57,46,30,69,73,61,63,78,84,54,42,112,52,84,94,33,130,48,124,109,125,131,154,119,120,58,40,97,118,69,72,108,111,115,38,95,88,63,73,110,106,81,57,94,83,76,80,106,66,61,1
120,31,29,63,92,84,50,52,40,34,75,127,132,134,50,37,42,68,87,51,59,96,86,43,46,89,92,232,232,102,142,122,48,197,219,234,240,229,227,128,51,68,203,214,217,180,243,73,40,67,203,194,220,208,237,85,120,53,210,197,190,225,123,40,0
36,31,33,51,77,84,35,46,28,46,79,113,121,131,56,41,31,65,76,63,68,62,87,52,83,113,48,84,91,32,130,52,123,106,124,123,172,117,119,47,38,93,119,63,65,118,111,99,43,95,89,61,74,107,104,86,48,96,83,79,79,103,50,58,1
122,25,39,73,96,63,50,54,32,41,89,128,127,130,38,48,36,69,95,76,70,95,97,39,52,107,108,245,231,121,126,78,52,214,227,242,229,233,219,51,40,212,214,208,206,194,234,64,54,121,209,190,210,209,246,45,107,61,211,192,193,226,44,67,0
36,28,36,49,81,93,33,45,28,41,77,117,122,136,61,43,28,69,80,50,76,69,99,47,64,115,65,85,89,36,132,56,122,103,125,120,175,118,116,93,41,97,118,60,66,120,113,132,41,95,91,67,77,100,100,78,58,98,85,81,80,100,46,97,1
122,29,35,67,98,79,45,52,31,34,86,130,131,135,44,36,36,68,92,60,64,91,85,40,47,101,99,227,234,101,135,118,50,206,223,244,232,232,224,75,52,143,205,215,217,185,242,45,45,83,211,190,222,206,239,101,117,52,210,194,190,227,108,38,0
38,26,38,59,83,98,27,46,30,48,90,120,126,136,56,46,31,67,74,58,59,65,92,44,50,109,67,83,91,57,129,55,71,112,122,127,154,115,118,79,38,98,113,66,75,116,113,108,40,98,93,72,79,111,101,69,65,101,83,79,84,99,46,127,1
121,24,40,77,96,75,49,49,33,38,87,128,132,134,46,38,38,71,91,61,64,96,91,44,45,106,101,217,221,103,136,113,50,208,221,243,230,231,224,56,50,199,206,215,216,183,242,48,50,81,216,193,225,206,231,91,116,52,210,194,189,228,112,40,0
38,28,36,51,81,82,58,50,32,49,87,117,127,130,37,46,29,73,74,68,48,79,87,50,36,116,86,85,92,91,134,42,105,109,121,141,145,120,112,47,38,99,119,80,70,116,104,92,37,95,82,41,65,112,62,112,53,93,83,73,84,111,89,75,1
121,25,38,70,95,84,45,50,31,41,83,128,134,135,49,41,39,72,91,64,62,87,89,44,54,107,100,222,234,104,139,120,51,212,219,241,233,232,224,124,48,184,197,213,211,181,244,57,47,90,217,200,236,207,231,111,107,52,209,194,187,225,117,43,0
33,31,31,47,81,90,31,42,26,50,76,116,121,134,58,40,30,73,78,51,68,63,90,55,71,117,92,83,93,68,133,47,123,104,126,123,174,117,119,48,38,98,118,57,66,117,113,96,41,95,86,58,72,105,106,80,45,94,84,79,75,106,58,63,1
125,24,39,72,92,83,44,46,32,46,93,127,131,137,51,47,42,66,93,69,63,88,90,41,45,105,100,232,230,104,137,115,48,216,219,238,239,232,225,129,53,222,184,212,212,176,242,58,44,221,223,196,235,213,225,78,101,56,211,195,188,226,125,49,0
38,32,34,50,80,97,41,48,33,50,79,117,124,132,54,39,31,69,81,62,63,72,86,58,41,115,67,85,90,50,131,47,109,109,122,128,154,116,120,50,39,96,116,64,76,112,116,113,37,98,90,62,75,109,108,85,47,97,81,77,83,106,80,70,1
120,25,32,69,94,77,44,46,28,40,81,127,133,135,47,36,37,70,91,58,61,90,91,44,44,102,102,226,241,108,137,109,52,209,221,241,236,232,224,61,48,134,204,212,216,181,242,50,50,83,215,192,229,208,241,101,113,56,208,194,187,231,106,41,0
37,32,34,53,76,94,28,44,30,47,78,119,121,136,58,45,31,71,77,53,68,67,100,45,53,115,71,86,89,55,128,53,126,108,125,119,171,116,116,50,39,100,114,70,61,116,113,98,36,94,91,66,73,106,101,100,55,97,83,79,81,101,53,59,1
121,32,35,76,96,76,43,51,33,35,81,129,128,136,47,40,41,70,85,68,68,94,97,40,54,97,141,238,250,126,129,134,49,143,231,248,254,231,238,51,54,64,236,216,226,227,226,45,51,74,207,190,200,210,242,85,121,83,129,194,198,222,132,41,0
34,30,31,49,73,87,33,43,29,41,74,110,115,125,53,46,31,65,69,65,74,59,79,58,41,111,54,83,87,33,130,42,122,108,121,121,156,116,120,45,38,97,115,66,67,111,113,85,38,93,85,64,73,110,110,76,55,93,79,78,79,107,89,68,1
116,24,39,79,97,74,45,51,30,46,90,130,125,136,50,40,34,65,97,64,67,97,97,43,49,103,130,228,232,126,127,123,52,200,229,244,241,232,230,50,44,145,229,212,227,215,235,64,48,95,207,189,201,198,252,70,117,88,213,198,195,224,96,38,0
37,27,36,48,81,86,39,45,33,47,85,115,124,130,56,43,31,69,76,66,60,74,83,54,40,113,63,78,88,45,130,44,88,110,122,134,149,115,119,44,38,99,116,66,77,113,115,89,39,98,89,68,74,115,107,68,59,97,83,80,82,108,96,53,1
122,28,29,66,96,59,49,57,37,36,77,126,132,132,42,41,35,66,90,59,65,92,93,42,47,96,105,231,236,117,128,122,46,188,227,247,235,234,217,55,42,77,221,219,227,207,236,78,40,55,204,189,203,199,252,52,122,63,205,199,192,222,102,36,0
37,31,38,50,80,91,24,41,30,44,75,115,119,131,57,40,27,67,68,63,68,61,93,47,39,111,55,81,97,36,128,49,88,109,123,120,162,117,118,56,39,99,114,71,68,115,113,115,41,96,96,68,75,110,103,84,57,93,81,79,82,100,62,54,1
125,23,35,76,93,81,45,52,29,38,85,129,129,135,52,36,37,69,93,69,65,90,90,45,48,106,98,216,237,108,135,113,49,208,221,240,232,230,220,45,40,182,203,213,215,187,242,60,49,89,214,190,223,208,239,120,112,53,208,192,189,224,108,42,0
33,28,33,44,68,85,46,45,25,39,73,113,115,126,55,38,30,66,72,61,68,64,81,53,67,109,57,85,89,36,131,43,122,107,125,116,170,116,118,47,38,96,114,74,66,115,113,115,34,94,94,64,74,105,101,83,49,95,86,81,80,104,78,81,1
120,23,38,67,94,61,46,51,30,42,91,128,129,132,39,41,37,71,92,72,65,95,90,41,52,106,101,235,225,112,126,121,53,207,224,243,227,230,219,51,37,185,211,212,211,191,237,79,55,116,208,190,211,208,229,72,116,64,210,189,192,225,59,38,0
36,26,32,50,84,96,31,44,31,48,82,118,123,134,57,41,28,67,75,65,65,66,88,48,47,110,57,85,92,43,130,42,76,111,123,122,157,116,116,49,39,96,115,68,71,116,113,109,37,93,92,69,69,114,96,75,55,96,82,76,82,104,79,58,1
123,30,34,70,95,74,46,53,30,41,81,127,129,130,46,39,36,70,98,66,61,92,96,44,45,104,104,217,225,108,130,109,51,204,223,242,229,232,219,50,38,149,210,216,217,184,238,67,48,86,208,189,210,207,238,106,116,54,211,191,192,219,112,36,0
38,34,32,53,81,99,21,46,28,48,87,118,121,138,62,41,27,67,80,50,68,65,94,47,65,113,76,82,92,56,133,48,127,105,122,120,174,118,117,52,38,97,116,64,65,114,113,111,39,95,90,61,73,102,103,93,49,90,82,79,76,105,77,67,1
123,26,34,68,96,63,48,54,27,41,88,130,129,134,44,38,34,68,93,68,61,88,97,43,46,105,112,229,226,110,131,107,49,204,224,246,231,232,212,52,42,160,218,216,217,198,238,68,48,93,205,190,208,205,246,94,119,62,212,194,192,222,111,39,0
33,29,37,59,82,105,37,43,33,46,93,122,124,143,65,39,31,76,78,58,63,77,93,45,44,112,85,86,94,69,134,47,102,108,119,122,173,120,117,49,41,98,117,70,67,113,113,110,38,97,90,69,74,105,102,86,63,94,80,78,82,102,70,56,1
124,31,31,66,94,65,49,62,32,34,77,130,130,133,42,42,36,68,92,62,69,94,92,40,46,95,105,235,243,118,126,129,49,167,225,248,237,232,218,51,43,70,227,218,228,213,235,56,49,72,208,190,200,201,250,71,125,65,141,198,195,225,103,40,0
36,29,32,54,79,89,46,48,28,40,83,116,121,130,57,40,29,67,68,62,73,60,86,46,39,108,50,82,84,35,125,50,76,113,122,123,151,117,122,52,41,97,113,62,69,113,113,63,38,97,94,73,77,115,101,114,51,97,82,83,88,102,110,77,1
125,22,37,68,97,85,40,45,27,41,82,131,130,135,52,40,37,68,95,60,59,93,87,46,48,105,91,228,238,107,138,110,51,209,219,240,241,232,227,125,49,157,197,206,213,177,244,75,50,85,219,201,231,209,237,108,115,51,206,194,187,223,113,39,0
35,30,33,53,76,99,37,40,29,49,80,118,121,137,65,42,27,64,80,52,75,67,99,47,45,112,67,86,87,54,132,54,127,105,129,116,176,120,120,102,42,97,116,70,66,114,112,99,40,93,94,69,74,105,103,100,56,95,83,81,84,93,53,66,1
122,28,32,69,95,64,50,52,26,42,78,129,130,131,46,40,37,68,90,60,65,93,94,44,46,100,96,216,231,110,132,108,49,203,223,243,230,233,219,58,47,163,211,217,215,187,241,62,48,79,207,190,212,207,244,104,125,55,213,193,189,219,116,35,0
35,24,33,57,86,100,25,43,33,45,86,124,126,137,60,41,29,70,76,61,56,72,94,44,41,112,68,84,93,47,128,49,98,110,129,126,161,121,119,127,40,99,114,70,83,116,113,109,37,95,89,68,73,114,97,71,52,97,81,76,83,96,55,106,1
116,24,38,68,101,44,45,46,28,42,93,129,131,125,29,53,40,68,93,88,69,94,82,36,48,106,97,226,224,122,114,31,52,211,224,241,224,232,222,49,49,167,220,206,204,212,237,96,56,99,207,190,206,213,243,59,116,51,214,195,193,223,45,72,0
37,28,34,62,78,89,62,47,34,51,86,121,125,135,53,39,28,63,78,61,55,84,82,47,43,114,82,86,94,87,137,49,129,111,123,138,153,121,119,55,40,96,121,78,68,102,112,90,34,93,84,46,74,112,107,102,58,96,82,73,79,103,42,74,1
125,29,40,70,96,70,47,52,27,40,80,130,131,135,47,38,36,68,91,60,64,89,95,42,49,99,98,226,240,112,130,116,50,204,224,244,236,233,219,48,38,141,215,216,221,195,241,73,50,88,201,189,204,203,246,90,118,61,209,192,190,218,114,40,0
34,26,37,70,96,105,43,47,31,61,96,129,132,142,58,36,32,83,73,69,59,97,87,52,48,114,76,95,97,84,140,48,76,110,120,146,146,123,117,75,42,100,117,83,73,107,113,116,37,102,88,60,70,112,98,87,58,100,81,75,84,103,57,112,1
121,27,33,64,95,67,48,56,28,43,81,127,131,130,42,38,34,67,88,60,63,90,90,43,47,106,93,224,231,107,131,100,52,207,218,238,235,232,224,46,49,144,198,213,214,186,238,63,46,89,211,190,226,209,228,128,118,59,212,194,193,222,119,35,0
33,23,43,63,89,104,35,43,30,54,94,130,130,140,61,41,31,75,74,68,57,81,85,48,57,111,73,88,92,70,135,58,74,111,119,141,146,118,119,139,42,100,111,72,85,113,113,105,39,102,92,73,76,112,100,74,77,100,86,83,81,103,49,102,1
120,25,33,68,96,77,40,51,31,39,82,127,131,131,46,36,35,70,84,61,62,95,90,40,48,104,88,238,230,103,138,121,53,207,218,236,238,231,224,83,51,134,192,208,212,185,243,57,49,83,216,199,235,210,236,101,118,55,210,194,189,226,115,39,0
37,24,38,55,90,104,33,44,28,48,85,128,130,141,63,43,27,70,83,58,60,79,87,44,47,117,77,88,95,78,137,51,127,109,121,134,159,119,117,141,40,94,120,69,66,116,113,121,38,91,85,47,70,111,102,57,55,98,80,76,77,101,47,92,1
123,28,29,69,93,82,48,52,28,35,82,132,131,134,47,38,39,68,87,62,61,90,92,42,39,92,109,232,245,118,130,118,48,111,225,243,246,229,223,50,45,52,229,221,228,213,231,60,68,83,203,191,202,199,241,90,130,67,121,199,196,222,107,34,0
35,23,41,60,81,108,25,42,28,50,94,128,126,140,63,38,31,72,74,56,61,81,94,46,42,113,72,84,91,54,134,53,104,109,123,133,156,118,116,133,38,100,116,66,74,114,112,130,43,96,90,72,74,111,96,65,53,98,83,84,80,95,48,89,1
125,29,33,74,98,85,36,51,33,35,78,130,129,136,54,38,36,71,82,61,61,92,86,42,45,92,106,222,240,112,138,114,51,137,224,240,241,228,220,50,39,83,216,218,224,196,245,65,55,62,199,191,199,200,229,77,128,62,201,199,192,216,106,42,0
33,27,31,55,84,106,28,41,32,50,84,124,126,137,65,35,25,63,76,61,59,74,100,47,46,110,58,89,90,38,126,49,118,110,126,125,158,116,117,135,41,101,114,69,66,116,112,123,43,99,92,71,70,110,103,67,62,95,84,86,88,98,47,121,1
125,28,29,67,93,89,34,50,38,35,76,127,130,138,62,32,37,68,87,59,62,90,86,47,47,91,98,224,227,99,138,65,52,153,221,231,241,229,227,113,42,55,205,211,216,174,250,39,42,62,197,196,206,206,216,44,127,57,214,199,191,225,130,39,0
35,24,39,57,87,105,28,42,30,47,91,123,127,137,66,35,30,68,78,64,68,60,97,51,49,105,36,85,93,27,124,47,77,109,120,127,154,117,119,134,41,94,113,58,71,115,114,102,39,97,96,73,79,115,100,80,81,103,80,96,96,93,54,116,1
123,26,30,64,96,90,37,43,28,34,72,127,130,136,51,37,40,63,82,59,62,92,88,45,36,84,110,219,242,106,140,87,48,97,225,239,242,227,224,68,39,45,216,218,224,189,246,37,71,49,200,192,196,201,226,39,133,62,140,201,193,223,114,40,0
35,25,42,52,85,115,28,39,30,45,90,123,125,139,69,41,28,74,81,60,67,65,89,51,51,107,69,88,94,40,123,58,81,109,123,129,155,118,118,150,47,99,113,64,67,116,112,112,35,97,86,73,74,112,98,58,62,101,83,94,92,93,58,122,1
127,27,38,75,93,85,44,51,29,36,86,131,129,135,47,36,38,66,90,60,62,90,90,41,47,102,104,222,236,107,135,122,53,202,223,242,235,229,219,45,43,142,209,214,217,185,244,55,52,95,206,191,216,208,243,77,117,59,212,194,191,224,111,40,0
36,29,34,51,75,90,35,51,28,47,81,119,123,127,56,41,29,70,73,55,68,68,86,51,71,114,56,83,92,37,130,47,122,109,117,124,156,117,117,49,38,96,118,67,67,105,111,86,38,96,89,53,67,108,112,100,49,90,83,77,79,103,81,53,1
125,30,34,69,96,80,41,44,36,34,78,129,130,135,50,38,35,65,86,58,62,89,90,40,42,93,104,215,226,106,136,123,50,166,224,237,237,229,221,50,42,86,214,220,223,188,246,72,41,63,200,189,202,202,238,101,124,60,217,197,194,218,109,37,0
33,29,36,59,81,97,27,44,34,49,85,118,121,136,63,39,26,72,79,54,68,70,99,45,58,112,56,86,83,34,129,61,124,110,122,122,160,115,115,85,38,98,116,69,68,112,112,99,31,92,94,68,74,108,100,81,49,93,83,80,82,102,50,77,1
125,31,31,69,96,88,37,43,30,40,80,129,130,133,53,42,36,70,86,51,62,95,89,46,47,94,93,227,220,99,143,109,49,203,219,231,240,229,224,89,48,98,203,210,216,181,249,75,43,80,206,191,212,207,233,70,120,57,209,197,190,225,114,37,0
97,26,29,43,68,89,38,47,32,36,74,109,118,127,58,40,31,76,86,54,67,70,82,57,75,111,74,94,97,76,139,39,103,96,117,118,178,120,113,54,37,90,114,100,101,120,114,67,30,87,90,103,85,98,56,71,52,137,96,78,78,109,94,53,1
112,21,41,75,95,82,46,50,31,44,92,129,126,136,42,38,37,68,93,64,70,91,96,44,50,104,103,223,223,108,134,117,54,208,225,240,233,233,221,55,41,188,208,214,217,188,238,59,52,137,211,192,227,207,240,97,112,66,210,196,194,226,113,37,0
114,31,25,39,64,79,34,59,29,28,66,105,109,119,49,43,31,75,82,61,73,52,78,51,108,103,90,84,85,50,132,41,53,90,120,119,176,118,110,47,37,89,113,100,98,120,108,60,31,66,90,101,67,97,65,92,50,157,97,80,81,109,86,61,1
140,30,38,74,94,96,35,49,32,42,84,127,126,136,59,34,39,69,89,58,69,89,86,49,46,95,110,233,243,111,135,56,49,159,226,240,242,229,226,59,45,79,215,220,221,183,247,40,45,68,198,191,201,205,220,42,119,62,213,197,192,228,120,36,0
30,29,29,38,65,89,42,42,30,37,71,108,112,120,55,41,29,73,88,51,67,58,83,51,102,108,85,82,87,43,132,41,118,102,120,118,172,115,110,55,38,97,113,68,66,116,114,50,42,92,89,46,50,100,64,76,40,45,94,74,75,106,62,52,1
124,27,36,72,93,82,40,50,28,36,80,130,128,135,46,36,35,68,87,56,61,93,88,41,47,97,99,225,235,102,136,124,50,209,222,237,238,230,221,49,39,157,207,214,214,184,242,56,51,105,208,191,226,207,248,84,120,59,211,194,193,223,111,40,0
98,31,24,39,65,78,39,56,31,35,67,105,110,119,44,44,32,70,78,59,66,59,90,48,81,109,98,82,85,69,132,42,114,100,117,118,167,118,110,54,39,93,112,90,88,115,103,50,38,95,85,80,48,100,73,90,54,158,90,76,79,110,73,58,1
111,21,41,77,93,86,39,47,28,40,84,130,127,135,57,39,34,70,89,59,56,92,87,46,49,103,96,232,235,100,139,106,53,209,219,235,239,229,225,55,35,141,198,209,213,179,244,73,47,117,216,198,225,214,246,62,109,49,208,197,191,222,113,37,0
33,31,35,53,83,90,32,43,27,43,81,119,122,126,50,41,28,70,83,53,54,73,84,50,73,116,69,89,89,72,136,46,117,102,117,134,147,116,110,54,38,93,116,81,102,114,109,132,41,92,85,55,47,103,47,89,45,65,87,74,76,107,50,80,1
55,28,41,77,100,95,35,53,29,38,86,124,117,129,55,38,39,73,89,65,66,100,95,86,47,96,222,233,249,194,128,91,51,150,228,247,255,229,227,51,52,70,233,220,225,217,197,69,78,65,206,192,205,197,234,77,122,89,132,200,191,220,105,43,0
26,29,30,44,76,88,40,46,26,42,74,109,117,117,52,39,32,60,75,59,56,63,81,45,94,112,77,82,87,74,133,42,114,102,119,127,146,114,109,65,36,98,115,69,66,112,111,122,36,92,86,45,64,105,112,61,57,46,82,73,72,103,47,75,1
22,24,42,79,94,96,31,50,32,38,89,127,125,134,62,33,36,67,90,59,66,93,86,47,54,99,104,222,226,103,137,56,54,205,222,236,239,227,225,118,34,123,200,209,214,175,248,38,51,99,216,197,210,211,216,39,110,52,209,196,191,223,123,38,0
34,28,37,55,79,97,26,53,28,42,74,105,111,126,73,33,26,65,78,59,65,68,103,41,47,101,91,87,92,86,129,38,117,106,118,114,159,114,117,94,40,96,109,71,43,112,108,136,40,93,93,71,75,111,107,93,77,75,83,90,94,87,49,90,1
105,23,38,78,94,87,40,47,30,43,84,128,130,137,51,38,33,70,90,58,65,94,86,41,51,103,97,226,233,100,137,107,51,206,221,237,238,229,222,61,35,152,199,209,210,184,243,72,53,106,217,199,227,208,245,66,107,48,210,194,189,225,115,38,0
34,24,35,52,80,100,26,45,31,45,76,104,111,125,69,40,27,69,76,58,61,65,101,44,36,106,63,87,88,73,125,43,123,110,115,122,148,107,116,99,37,96,109,45,67,111,109,136,41,95,96,75,87,114,105,128,57,96,79,94,96,87,37,54,1
40,26,44,79,100,83,40,50,28,49,94,128,121,130,49,38,39,68,89,64,67,93,94,41,89,105,111,233,239,115,133,116,55,209,224,242,232,230,216,51,53,209,212,213,213,190,243,66,48,133,218,194,231,208,239,83,108,84,209,195,189,225,118,35,0
30,27,39,60,82,103,31,45,32,54,82,109,121,131,78,34,31,77,80,62,63,77,97,42,38,108,91,86,95,77,139,48,112,110,119,127,153,110,117,110,38,99,109,62,69,111,110,138,35,95,97,70,79,114,107,103,71,95,77,90,94,90,39,60,1
127,27,35,77,93,90,43,50,30,43,82,128,129,135,47,41,37,67,89,59,67,94,88,46,49,102,98,230,229,104,134,119,53,200,224,241,236,229,219,47,46,139,211,215,216,185,243,68,51,118,212,190,224,206,248,94,111,82,212,193,191,225,118,34,0
32,23,36,57,80,101,26,42,31,47,85,110,119,132,64,34,32,77,80,56,58,86,90,47,36,114,76,89,96,81,134,62,119,107,110,140,146,114,112,144,38,98,115,70,74,93,112,72,37,93,88,68,61,110,99,92,52,92,82,75,82,101,51,93,1
120,30,40,70,91,85,41,48,29,39,85,132,128,135,46,40,37,67,86,59,66,93,91,45,48,99,107,235,236,109,130,121,51,189,226,244,237,231,215,51,55,120,218,218,224,198,241,50,51,79,204,190,205,202,250,81,121,85,216,195,191,221,107,39,0
32,22,39,58,88,106,30,41,31,48,85,116,120,134,64,31,29,69,78,55,62,84,100,52,35,108,65,85,94,77,139,45,114,105,123,118,167,117,119,125,38,96,108,67,56,110,113,111,39,95,93,71,71,105,104,120,60,97,81,89,92,93,42,72,1
123,30,38,73,96,86,36,49,27,39,80,130,130,135,49,38,37,69,88,56,62,94,92,39,47,101,107,230,239,108,131,122,49,190,227,244,237,231,216,53,51,121,216,218,223,196,241,45,49,75,203,190,203,202,249,83,117,85,215,196,193,223,111,37,0
30,24,43,58,85,109,30,45,28,56,92,123,127,139,65,34,32,75,88,57,58,91,91,49,42,116,81,87,99,73,145,50,101,106,117,131,164,117,114,64,37,96,115,60,67,115,113,67,36,95,83,59,68,103,99,91,47,90,81,77,78,97,46,96,1
25,24,41,81,96,92,34,50,33,45,92,128,120,125,56,36,38,66,91,60,66,93,95,72,49,101,119,238,243,113,129,83,53,198,226,244,238,230,218,48,56,154,216,219,224,197,243,72,55,72,200,190,205,202,236,60,110,67,215,195,193,218,108,39,0
36,24,35,63,89,100,38,41,26,50,84,121,123,141,59,34,28,62,71,58,57,83,95,47,49,106,29,80,88,52,134,48,72,110,124,122,160,114,117,55,40,96,112,68,57,114,110,113,39,95,96,69,75,105,104,96,54,98,81,83,83,92,51,64,1
21,23,37,79,93,97,35,46,31,41,86,127,129,134,67,35,34,68,89,61,70,96,86,50,55,102,101,223,219,99,138,69,53,205,220,234,242,227,225,118,38,136,194,205,215,175,249,31,52,99,219,196,216,214,221,55,107,51,210,196,190,223,124,42,0
33,25,35,53,85,98,42,43,28,47,77,118,126,132,51,40,27,64,76,60,60,70,84,48,50,109,54,81,92,49,134,43,123,104,120,119,165,116,115,54,37,95,114,62,64,112,115,77,39,94,88,62,67,106,108,76,50,92,86,77,75,104,58,62,1
127,32,30,68,95,92,37,46,32,37,78,127,129,133,54,38,37,66,87,53,54,95,85,47,49,96,79,139,148,94,138,108,52,204,217,234,247,229,227,125,42,117,177,205,214,186,247,67,50,85,220,196,219,221,236,97,112,55,210,198,193,221,119,40,0
33,27,32,49,83,100,28,38,27,42,75,112,119,137,69,36,28,54,72,51,74,68,97,47,61,106,40,85,92,36,142,51,117,104,120,109,177,116,119,139,36,91,112,64,62,114,112,119,37,93,97,71,76,106,104,58,56,103,84,82,80,93,56,98,1
30,23,40,79,96,83,35,50,29,50,97,126,121,129,52,39,37,70,87,67,64,91,98,45,85,105,103,234,232,110,129,114,54,214,225,239,232,230,218,51,51,196,209,212,213,186,238,54,60,123,210,194,236,209,235,87,105,66,212,194,189,224,78,37,0
32,27,31,50,76,105,31,40,29,39,72,113,120,138,67,36,29,71,81,53,68,68,100,46,97,106,69,88,91,71,139,51,115,101,122,110,175,118,116,89,38,88,111,58,73,114,111,72,32,88,95,61,65,95,103,70,46,49,87,80,72,93,52,85,1
124,28,29,60,92,71,44,56,45,34,83,122,129,123,39,40,35,70,86,49,59,95,86,40,45,98,101,230,223,101,132,119,47,187,224,233,238,229,223,50,51,93,212,214,214,184,231,90,50,74,200,191,214,205,235,36,123,68,209,195,190,224,147,38,0
35,29,35,55,84,97,38,45,27,44,85,122,122,136,53,41,26,68,82,51,59,74,91,54,63,113,74,87,90,74,139,42,116,101,121,116,171,118,115,57,40,93,113,57,71,116,115,67,37,93,89,55,61,103,107,78,45,91,89,77,72,102,51,76,1
25,24,40,72,95,87,38,51,29,49,90,126,129,133,49,36,33,65,92,58,61,95,89,39,88,104,85,224,168,96,138,117,53,214,218,233,246,228,227,49,34,210,176,207,216,205,244,62,72,234,221,195,229,232,218,102,83,54,212,194,192,218,116,36,0
31,26,27,41,75,72,54,58,29,41,71,111,119,124,36,46,28,71,77,58,62,73,79,48,93,107,83,89,92,99,136,34,113,103,117,126,159,119,112,47,39,94,113,98,114,115,107,80,38,94,91,96,59,101,61,100,61,62,88,78,80,109,56,65,1
28,24,40,75,95,86,38,49,29,43,92,126,121,134,61,39,32,70,89,65,64,93,86,45,73,109,107,226,237,104,137,107,53,216,220,233,237,228,225,50,53,220,188,209,210,173,242,70,69,219,220,198,231,213,216,112,72,46,213,196,190,224,83,25,0
31,25,31,53,78,92,26,44,27,40,73,116,119,131,50,41,28,70,79,51,62,69,87,54,85,112,83,84,90,77,139,41,122,101,117,117,172,116,113,55,36,95,114,86,103,120,113,63,47,88,89,52,42,99,54,72,39,89,89,73,72,110,59,55,1
30,25,37,74,94,93,35,45,29,50,90,127,128,133,56,33,29,65,88,59,61,95,85,45,64,110,88,227,175,94,139,104,78,216,217,235,248,230,228,93,38,215,170,208,213,220,247,67,59,227,226,194,230,246,215,92,68,47,207,192,198,218,137,34,0
34,29,30,47,79,88,38,43,26,41,79,118,123,136,58,40,26,65,76,62,57,67,85,52,64,113,66,84,88,63,134,40,113,100,118,121,163,117,113,56,40,94,114,59,61,115,114,55,37,92,86,60,68,104,98,76,45,92,86,78,72,104,65,59,1
35,25,33,76,94,93,31,51,27,45,88,129,127,134,50,35,34,68,88,54,61,93,86,39,96,104,89,232,230,96,138,108,51,211,220,233,244,228,227,52,52,215,189,205,215,180,243,76,47,129,218,196,218,216,220,96,91,87,209,195,193,220,110,32,0
35,25,32,48,80,98,50,46,25,44,80,120,123,130,42,38,27,67,78,58,57,78,87,51,48,111,76,82,91,84,136,38,112,105,119,128,153,117,113,51,37,96,115,72,70,116,108,62,39,92,90,41,59,107,50,72,42,97,83,71,75,106,80,53,1
29,24,39,77,93,92,36,51,30,50,96,124,121,135,48,37,28,71,91,68,62,92,86,42,75,112,98,224,235,100,132,110,61,216,222,236,240,229,226,50,41,219,185,209,212,186,243,82,59,232,223,195,230,226,218,42,55,70,214,194,189,218,49,52,0
32,30,29,52,76,96,26,46,28,46,83,115,120,128,53,38,27,61,64,63,61,58,78,54,46,111,56,85,89,40,132,42,109,102,117,119,167,115,113,57,38,96,114,63,57,106,112,67,32,88,88,61,66,106,99,95,36,91,91,73,73,109,67,55,1
31,25,37,75,94,86,36,53,26,45,89,127,127,135,53,29,30,60,88,61,52,90,86,40,64,108,94,226,166,99,137,112,53,216,217,235,249,232,227,42,43,219,178,206,212,216,236,82,54,224,224,195,229,237,217,48,65,59,212,192,194,218,53,58,0
33,30,30,46,69,81,31,52,27,41,72,114,122,127,44,39,27,73,85,51,58,71,87,47,95,113,75,84,94,69,137,41,116,98,116,120,173,119,113,50,39,94,113,96,111,118,107,56,51,85,87,95,60,101,59,100,50,88,90,79,73,107,55,65,1
29,23,39,72,91,89,34,50,29,49,87,126,127,133,54,32,30,66,82,60,60,96,81,37,78,111,78,109,122,94,134,106,109,220,217,234,251,232,225,54,34,218,169,207,212,237,240,59,53,212,237,195,234,255,221,43,50,55,207,194,199,220,61,92,0
33,26,31,52,80,93,25,48,28,47,83,117,124,133,46,40,27,67,83,51,60,81,82,44,65,114,70,82,92,72,137,38,123,101,117,127,167,116,113,51,38,98,113,95,111,120,104,55,37,92,87,93,53,100,64,81,67,90,85,72,74,107,58,63,1
30,23,38,75,95,84,40,49,29,48,83,126,129,134,48,39,31,66,87,57,63,94,87,42,79,109,83,153,127,98,135,99,84,220,216,235,250,231,227,48,42,219,177,207,212,228,233,63,52,223,222,193,232,250,234,60,41,58,209,192,194,219,59,107,0
35,29,31,48,75,92,40,41,27,43,76,113,120,130,58,45,24,64,68,62,64,71,82,56,52,110,57,83,89,51,131,43,114,103,117,118,168,112,111,57,40,96,113,62,63,113,112,55,36,93,84,60,74,100,113,70,41,96,82,75,74,104,55,55,1
26,22,38,70,91,92,36,43,28,39,84,130,127,127,47,33,33,68,85,55,57,91,82,38,86,106,72,103,110,95,137,107,50,217,215,233,252,235,226,70,41,218,180,207,213,237,251,65,62,232,230,197,228,254,208,30,80,56,210,193,197,221,79,73,0
35,22,34,57,81,96,29,38,32,44,81,113,121,136,55,36,30,65,61,59,62,63,88,45,38,109,55,82,83,40,127,50,106,105,119,113,163,112,115,58,37,97,107,69,53,110,108,81,29,96,90,68,73,111,102,75,52,92,82,83,86,98,60,76,1
24,22,35,76,91,91,35,46,30,46,81,126,129,130,49,40,33,68,88,53,57,93,81,44,80,108,87,124,128,96,135,112,50,214,216,235,253,231,227,56,52,221,176,207,214,227,239,89,63,221,224,198,228,237,227,51,69,81,215,194,194,218,51,81,0
34,26,31,52,84,88,38,51,29,40,78,113,122,132,37,43,27,70,68,58,57,73,81,47,53,113,81,83,91,84,136,36,121,103,120,128,149,117,109,51,37,99,114,78,76,115,102,76,38,92,86,40,54,105,57,98,47,90,83,71,76,106,67,60,1
27,28,35,72,92,97,31,51,28,50,90,123,126,137,63,32,33,67,87,60,67,93,80,45,74,102,108,225,229,99,135,114,50,195,223,231,242,226,224,50,53,114,206,208,212,170,248,46,48,102,208,197,207,209,239,76,90,148,211,196,191,225,55,40,0
29,26,30,51,74,94,31,54,28,37,75,117,121,134,40,38,28,70,82,57,59,82,87,47,74,115,71,91,96,63,139,41,112,99,117,123,173,117,109,51,36,95,115,99,106,124,105,52,42,88,88,97,91,98,82,109,50,90,88,81,81,109,60,60,1
35,30,37,61,94,90,33,46,32,34,87,124,129,128,47,38,36,65,85,56,61,97,83,47,87,105,98,198,180,94,136,122,49,202,219,229,251,227,226,48,50,140,198,204,212,187,240,82,40,111,219,196,214,215,221,54,86,186,211,195,192,223,51,93,0
34,25,34,50,85,97,30,51,30,45,80,115,119,127,48,39,28,68,65,60,58,75,85,50,40,111,54,82,90,54,133,43,117,104,118,118,149,113,113,50,35,92,113,68,73,99,113,73,36,90,85,61,71,106,82,120,61,91,83,75,77,107,87,67,1
30,23,41,74,90,89,38,49,28,51,95,123,126,136,48,40,27,69,89,61,62,92,89,42,93,110,99,226,227,101,127,44,44,216,224,237,236,229,222,111,36,177,205,208,210,187,236,98,49,148,213,196,232,212,244,43,43,103,213,194,188,224,57,54,0
30,26,30,42,76,96,27,43,27,43,75,111,120,135,56,41,27,70,76,50,68,68,84,50,90,109,86,87,95,73,138,41,121,97,121,113,178,115,112,55,38,95,111,77,88,119,113,58,43,90,89,48,43,98,82,60,44,105,89,77,71,106,59,54,1
34,30,35,70,93,93,30,49,26,42,85,126,128,138,56,39,38,68,88,53,62,93,82,42,92,106,99,227,237,94,136,112,42,209,223,234,242,229,226,89,43,202,199,206,212,177,237,98,65,85,213,199,219,214,226,56,50,103,210,194,191,225,50,63,0
32,30,30,47,78,90,29,41,25,42,71,111,118,132,56,36,26,70,74,48,71,65,81,52,77,110,75,83,80,57,133,41,118,99,123,112,173,113,111,60,36,94,113,52,68,116,113,66,35,91,86,54,70,102,110,68,45,100,86,78,72,101,57,57,1
28,25,39,76,90,95,42,48,28,50,96,122,122,137,46,39,31,73,91,64,63,95,86,40,95,108,122,226,213,103,129,45,41,210,225,238,237,227,218,109,39,150,214,215,214,179,237,96,57,102,211,195,229,209,231,50,49,102,212,194,190,224,47,65,0
31,31,32,40,66,78,33,49,27,36,67,109,115,126,52,41,28,70,66,55,67,66,84,45,94,109,65,83,87,48,133,40,118,97,123,114,170,113,113,52,34,97,109,65,80,113,109,56,43,89,89,53,41,93,65,127,42,103,90,76,71,104,54,50,1
30,30,38,72,92,94,35,51,26,43,90,123,126,137,43,40,26,72,83,61,66,93,87,39,88,106,98,211,214,97,129,45,39,207,224,236,237,228,222,103,37,130,208,210,214,180,238,87,68,94,211,199,227,208,242,57,45,105,212,196,187,226,42,71,0
31,30,28,44,69,86,32,47,27,41,70,111,117,133,50,37,27,65,71,60,67,67,84,49,79,110,72,86,84,56,132,41,120,102,122,115,167,112,111,51,38,95,115,61,65,116,112,61,32,92,86,54,45,101,54,84,56,93,87,76,75,107,60,49,1
28,22,41,71,91,96,38,46,28,43,90,126,128,133,45,40,29,69,89,52,52,93,84,45,94,110,94,167,124,93,137,44,62,213,217,235,250,229,223,86,36,224,180,208,214,228,236,63,50,245,221,194,229,239,247,57,50,103,212,195,193,220,52,80,0
34,27,29,44,70,91,33,45,27,40,78,111,119,132,49,38,27,62,66,59,66,64,82,50,60,110,62,85,86,58,132,41,117,101,117,116,165,114,112,50,37,93,113,64,61,115,113,54,37,91,86,57,69,103,71,71,43,91,86,72,71,108,76,48,1
29,24,40,79,94,77,41,52,26,51,92,125,127,133,39,45,33,71,88,69,65,93,88,38,101,107,102,220,216,108,116,45,44,213,226,242,231,228,193,85,39,196,216,214,201,189,225,102,43,122,209,192,227,213,251,62,49,93,213,193,191,223,194,55,0
33,30,28,54,80,89,40,49,26,41,80,113,120,127,44,38,27,65,71,59,65,69,85,52,59,109,67,87,87,59,132,41,116,101,119,117,166,112,111,52,40,94,115,60,63,115,112,55,37,93,86,53,67,101,69,68,44,95,87,73,71,106,77,47,1
38,28,38,71,96,84,41,53,26,44,90,127,128,135,47,42,33,69,86,59,63,90,87,38,83,104,98,223,226,100,124,47,37,202,224,238,237,227,221,87,37,118,217,215,213,181,236,83,51,90,208,192,230,207,245,37,51,100,213,193,190,224,178,69,0
32,28,27,38,70,90,25,46,27,38,69,111,115,133,53,37,28,69,83,46,67,69,77,51,93,106,89,86,92,62,134,40,120,98,122,115,175,111,111,55,37,93,113,71,82,117,112,55,46,86,89,47,40,99,95,67,39,87,89,72,70,105,53,66,1
31,25,38,68,94,83,40,50,26,47,83,126,128,131,45,40,32,72,82,58,58,96,89,36,90,105,101,228,221,98,127,41,40,207,223,235,238,227,222,91,36,132,207,209,214,181,236,91,59,99,210,193,233,209,245,49,47,100,213,194,184,228,137,53,0
33,26,35,52,80,98,38,45,30,47,84,116,123,136,53,37,27,69,78,52,60,70,78,51,59,110,64,86,89,56,131,42,114,101,116,119,168,111,111,55,36,98,114,62,62,116,113,56,35,92,86,60,72,104,108,59,39,93,84,75,73,100,65,57,1
32,28,34,61,89,90,34,52,29,42,79,122,128,136,46,42,41,71,84,54,62,93,88,40,70,100,108,222,228,97,124,43,49,194,225,235,237,230,217,70,53,123,227,220,217,177,231,81,49,65,207,191,201,202,238,53,77,109,205,198,192,224,108,49,0
33,28,27,42,69,85,50,45,29,36,69,108,114,125,47,40,29,66,74,50,68,67,83,51,93,106,65,84,85,39,132,38,116,99,121,115,176,115,111,49,35,95,110,70,77,115,112,58,45,89,90,48,41,100,57,94,35,78,89,76,73,106,62,50,1
32,27,34,60,91,78,39,52,29,39,85,124,127,130,43,43,39,71,88,55,61,90,83,42,102,105,108,220,231,100,126,39,47,196,224,229,237,229,219,78,53,122,218,217,213,184,232,56,45,70,204,190,211,204,243,47,59,98,211,194,191,224,122,54,0
34,28,30,50,77,90,24,41,27,43,78,113,123,134,58,38,26,62,78,53,63,66,85,51,61,110,67,87,86,43,130,45,115,102,119,117,166,114,112,58,39,95,115,63,61,115,111,53,39,92,87,57,67,103,108,66,40,90,83,78,72,102,71,56,1
30,28,34,66,92,82,40,53,26,45,87,124,126,127,33,43,36,69,87,53,59,95,83,38,90,105,97,214,234,101,121,44,31,201,227,234,236,230,209,77,35,120,221,217,213,186,241,103,49,81,203,189,217,205,250,94,53,85,217,191,191,228,145,48,0
33,24,34,55,84,100,24,40,28,42,83,118,123,141,64,34,28,68,81,55,58,71,91,50,40,111,69,86,86,39,132,47,120,106,119,114,169,111,114,51,37,95,114,64,63,113,111,68,36,94,86,63,73,100,99,75,51,90,83,78,81,98,56,67,1
28,25,39,71,90,90,39,53,31,46,88,124,127,134,42,38,29,71,87,54,58,91,82,42,95,108,97,227,184,93,132,42,40,216,221,232,246,230,225,92,38,195,197,205,213,193,228,68,43,142,214,195,228,215,250,70,66,102,213,196,190,227,51,49,0
33,24,38,57,84,110,27,48,28,46,88,123,126,143,62,36,29,73,79,53,59,77,91,51,39,112,79,87,89,67,133,47,119,105,119,117,169,113,115,68,37,93,115,65,59,111,108,75,34,94,85,63,72,102,102,75,48,88,84,78,77,96,55,62,1
29,27,36,59,86,84,39,49,30,41,83,120,125,132,50,39,34,71,82,54,57,93,78,41,83,105,98,108,119,89,137,31,45,207,220,228,251,234,223,112,39,209,186,197,210,223,239,89,51,84,214,195,206,234,235,47,43,103,210,193,194,218,62,45,0
32,28,29,51,78,104,33,37,27,46,79,117,120,139,70,35,23,68,81,48,75,64,102,45,65,110,64,87,86,44,137,53,120,102,123,113,175,113,114,98,36,92,111,60,60,112,112,75,36,93,91,65,74,95,101,77,44,90,86,78,78,97,45,53,1
30,29,36,57,84,85,39,49,26,43,84,118,124,130,46,40,39,67,84,57,59,89,82,38,88,104,100,184,165,88,133,47,31,205,221,228,248,231,222,92,37,166,205,204,209,182,229,78,66,81,210,194,214,208,244,44,48,105,214,194,188,229,77,45,0
28,27,40,62,87,104,28,52,28,52,90,124,127,141,62,31,30,74,65,68,59,69,93,46,59,102,26,82,86,28,130,56,71,110,117,119,148,112,117,123,38,99,109,47,73,107,112,107,39,96,90,67,83,113,99,85,74,99,84,90,94,91,66,76,1
28,24,39,67,89,84,39,48,30,48,92,115,123,133,48,42,33,71,85,63,62,83,85,38,100,104,99,218,231,96,128,44,44,211,227,231,239,229,221,74,40,172,209,208,212,184,237,66,42,97,211,195,227,210,247,41,45,94,214,194,188,224,183,51,0
33,23,32,59,82,109,33,48,28,47,83,121,119,137,68,32,26,67,73,53,67,66,103,48,41,109,52,81,80,30,131,49,113,105,119,116,172,114,115,135,37,95,108,67,48,112,109,123,37,96,94,65,74,102,102,60,49,94,86,86,88,90,47,90,1
28,29,33,56,82,70,38,54,28,43,78,112,116,124,42,40,35,65,82,58,56,92,82,38,92,107,92,109,124,93,127,38,39,215,216,235,252,230,229,131,36,214,186,205,216,220,233,62,42,114,215,194,228,223,247,88,65,101,212,194,191,228,46,43,0
33,23,37,56,83,104,23,41,31,47,85,122,126,137,62,35,31,74,79,55,55,69,89,46,44,111,62,84,87,59,139,45,113,103,115,123,157,114,113,58,40,90,112,61,71,113,111,66,35,95,91,64,70,106,100,66,48,89,81,80,79,101,62,67,1
33,25,35,59,84,83,40,51,30,43,76,114,116,124,48,38,39,71,82,56,56,90,85,38,87,105,89,107,116,86,135,44,38,208,217,223,251,233,223,94,33,169,182,193,209,229,237,64,62,92,217,193,208,244,243,55,47,107,210,194,195,219,57,47,0
29,30,31,48,74,90,25,48,29,40,76,118,121,133,54,37,27,68,88,46,69,66,90,53,80,110,71,87,89,47,137,43,121,100,119,115,175,115,112,55,37,96,115,52,77,112,113,60,34,94,90,48,52,102,98,73,41,98,84,76,73,103,57,58,1
31,30,29,62,78,68,38,53,26,42,73,112,116,121,39,37,30,69,83,58,60,95,81,39,92,105,79,101,112,90,131,39,67,213,213,228,249,232,225,115,34,224,178,201,214,248,229,95,52,233,225,194,228,249,245,59,53,113,211,191,195,221,54,46,0
33,22,36,53,82,104,34,42,31,45,85,123,126,141,60,34,29,72,73,52,60,67,93,52,40,114,62,85,89,42,131,44,109,105,118,120,160,111,113,56,38,94,112,63,67,113,111,60,37,90,90,65,74,105,100,78,51,90,83,74,83,99,63,63,1
30,24,38,64,84,86,35,47,29,48,83,115,121,129,45,41,30,69,84,55,54,91,84,39,79,109,89,120,127,92,127,43,57,218,213,233,250,230,228,109,39,201,184,205,214,225,233,87,46,229,219,193,225,226,252,73,49,100,212,193,189,226,56,47,0
30,34,32,48,79,87,33,41,27,42,76,112,121,127,45,40,25,63,71,61,55,70,85,49,54,113,65,81,87,64,133,40,116,104,118,123,154,114,113,52,36,97,114,68,62,112,98,73,39,89,87,50,57,105,64,76,43,91,83,69,74,106,93,51,1
29,24,39,67,84,83,35,52,30,51,92,117,121,131,39,43,33,70,84,57,57,87,85,39,58,113,91,223,146,91,122,47,45,217,220,234,245,225,224,67,41,191,196,206,211,196,228,83,49,232,214,192,229,213,251,77,47,86,212,195,187,224,196,47,0
33,26,33,55,81,97,23,38,27,41,82,120,123,139,57,37,27,67,84,54,65,73,84,54,62,113,74,85,89,68,136,44,113,104,119,119,168,112,111,57,37,97,114,57,63,112,112,65,35,91,83,56,66,101,108,75,33,89,86,74,70,103,65,52,1
25,27,30,54,82,77,41,48,29,37,69,111,118,127,48,38,40,76,84,59,59,91,83,40,111,100,105,150,160,93,132,47,48,201,222,225,245,226,224,61,52,101,207,204,209,179,231,61,58,69,201,195,203,206,233,58,50,96,213,192,189,225,120,47,0
31,29,32,52,81,90,29,45,27,42,82,115,122,137,49,37,27,68,78,53,65,63,84,44,48,112,58,87,86,41,130,41,117,104,117,115,165,111,111,57,37,96,112,67,62,113,112,59,37,92,91,71,71,106,105,64,56,92,82,73,81,103,91,58,1
29,27,27,48,80,70,46,56,29,41,73,107,112,114,38,43,38,67,82,57,65,90,79,43,89,103,88,105,110,93,123,42,35,203,217,227,249,228,224,117,35,179,188,198,212,223,232,68,37,93,215,189,221,222,251,75,48,98,212,192,189,226,206,51,0
34,30,31,46,68,89,26,42,24,45,73,111,118,124,48,40,27,62,72,55,67,47,85,51,48,107,54,78,84,27,129,42,124,105,117,119,151,114,119,44,33,94,111,69,71,98,109,75,36,91,85,66,72,107,76,92,61,91,79,72,76,102,100,77,1
28,26,43,68,88,80,39,49,28,57,101,115,109,132,39,46,50,71,76,64,62,104,89,38,90,113,216,235,232,113,107,48,38,210,235,244,231,224,222,157,43,217,234,209,218,207,95,79,49,69,205,189,206,208,158,63,205,98,207,197,194,139,64,58,0
32,24,40,55,83,110,31,45,27,45,86,119,124,139,52,35,30,71,77,57,59,64,96,44,46,105,47,79,82,32,130,56,71,109,123,117,156,112,115,86,37,96,110,64,69,107,111,114,35,98,93,69,68,115,96,84,59,99,78,93,94,95,55,57,1
27,28,36,58,86,79,40,49,29,44,86,115,120,127,38,41,78,72,85,58,55,90,85,38,96,104,96,225,195,88,122,49,39,204,223,229,238,226,213,127,38,115,211,206,211,183,238,117,56,82,207,190,225,205,254,68,50,86,215,192,192,223,122,55,0
34,30,33,46,79,91,35,43,28,45,83,113,116,133,53,39,26,63,65,60,67,53,94,46,45,106,56,80,86,26,125,43,119,103,123,113,166,115,112,51,37,98,108,71,61,112,113,113,35,93,96,65,71,104,100,115,50,91,83,78,82,99,70,78,1
29,30,37,70,85,82,30,52,26,40,86,117,117,133,46,40,45,69,82,53,61,84,88,40,88,103,203,223,231,98,121,51,42,200,226,239,232,226,223,151,36,112,229,220,216,190,238,105,43,55,206,191,203,202,170,72,64,96,204,198,191,230,60,52,0
33,29,34,53,79,100,35,40,28,46,80,118,121,136,66,37,26,65,83,54,65,66,94,50,42,106,56,82,86,32,128,56,110,104,120,114,173,116,115,79,37,96,109,78,61,111,113,112,37,94,93,70,71,106,98,77,54,92,82,81,79,94,84,57,1
28,27,37,65,83,88,28,47,28,40,87,116,117,134,48,40,53,68,86,53,60,86,85,38,88,102,139,224,219,97,118,49,36,195,225,230,231,224,214,147,40,118,230,214,213,176,237,103,47,53,206,191,203,204,222,66,73,99,200,196,191,227,55,53,0
33,25,35,56,82,103,42,41,32,46,85,123,125,140,58,34,28,73,82,52,63,70,86,48,39,112,66,85,90,59,129,55,103,105,119,117,172,115,112,78,37,97,111,67,67,112,111,112,36,94,91,64,69,105,101,78,54,90,84,77,81,96,82,57,1
28,27,39,67,83,81,34,50,27,47,96,115,114,136,41,46,45,68,87,57,62,84,87,38,85,102,215,223,234,113,112,47,37,203,224,240,227,225,220,152,40,156,231,215,217,197,174,80,44,69,208,191,208,203,160,61,248,101,206,196,195,189,66,53,0
34,31,34,57,81,103,24,40,26,48,85,123,122,139,65,37,26,73,81,51,66,73,93,47,59,113,73,78,87,57,138,56,121,105,121,115,179,118,117,112,39,97,115,68,57,115,110,112,40,94,92,63,68,101,104,75,49,92,86,78,81,94,55,68,1
30,27,43,74,85,95,29,46,28,60,94,115,119,137,48,37,37,70,84,59,60,85,86,38,50,108,102,223,191,90,133,43,42,217,219,229,247,227,223,73,37,191,183,200,208,217,232,51,56,241,219,195,218,239,241,46,54,82,210,195,193,219,175,52,0
35,31,31,46,80,102,22,46,26,39,82,120,121,138,64,38,26,71,85,49,70,68,90,47,61,112,63,80,90,48,134,48,119,105,123,114,173,116,114,62,37,96,115,60,58,113,110,99,38,92,93,57,71,101,98,95,51,94,84,76,74,97,58,67,1
29,28,42,74,88,99,34,42,28,58,104,104,107,110,61,43,46,75,76,58,65,94,90,37,94,164,214,232,238,206,118,218,39,201,229,242,245,221,223,118,39,142,233,221,217,190,221,67,50,71,207,192,203,202,249,41,205,98,220,196,189,224,64,58,0
34,25,36,57,87,104,23,41,31,48,88,126,126,141,63,37,31,71,80,56,61,76,91,50,38,113,80,83,94,72,136,49,117,105,121,122,170,116,115,59,40,90,115,58,67,114,110,100,35,98,90,57,72,104,100,103,60,94,82,76,79,101,73,73,1
29,29,40,77,92,92,38,50,28,57,102,111,108,120,45,44,49,71,73,61,60,108,96,38,80,221,223,235,240,133,107,54,36,208,239,242,236,221,220,93,33,223,233,214,218,217,74,98,50,70,212,190,203,211,56,57,252,96,165,200,198,129,230,251,0
33,22,39,60,85,112,31,49,31,47,90,125,125,140,67,33,30,72,80,47,65,64,96,47,40,109,63,83,86,48,135,51,73,107,123,113,171,120,117,142,42,98,112,69,54,112,107,106,36,93,95,66,70,110,102,102,54,100,83,85,95,93,58,75,1
33,25,41,71,84,104,34,46,27,57,104,113,108,139,51,42,46,73,82,56,64,85,87,36,74,107,222,228,233,98,125,47,41,210,223,233,235,223,214,153,40,208,221,210,210,173,233,106,54,80,205,190,218,206,247,47,248,94,214,194,192,228,70,52,0
34,27,31,45,76,90,22,47,24,43,75,112,117,130,60,43,26,63,78,59,62,55,89,57,53,108,53,82,85,29,123,42,117,102,122,114,172,118,114,49,40,97,112,64,59,115,113,114,38,94,92,60,73,106,97,110,50,90,85,77,74,103,71,69,1
31,27,32,48,81,82,36,54,24,34,74,115,118,126,35,41,91,71,82,53,60,90,82,41,105,93,111,217,222,86,119,47,32,120,225,231,236,226,210,122,36,184,231,219,210,180,189,119,65,45,210,191,199,203,144,51,250,97,104,198,196,190,117,107,0
33,30,35,50,78,96,23,48,27,38,80,118,121,135,57,39,27,70,84,50,66,67,87,50,49,110,51,88,88,31,130,42,120,101,120,116,174,114,115,52,35,94,114,62,56,113,112,102,37,94,87,57,71,102,99,122,53,93,83,76,76,102,67,64,1
32,24,34,57,83,89,37,48,29,40,77,114,117,131,44,40,52,68,84,55,57,91,82,36,89,100,108,199,171,87,126,49,38,196,220,222,245,223,221,153,39,113,215,202,209,172,242,108,50,56,202,195,208,208,252,51,107,102,214,194,189,227,90,52,0
32,29,30,53,82,97,27,40,26,44,83,117,119,137,68,37,26,68,81,47,69,63,97,49,50,106,47,75,83,24,126,58,121,102,122,112,172,115,116,77,39,95,110,70,59,114,110,106,36,93,92,66,72,104,101,86,51,91,84,78,76,96,68,86,1
29,26,41,66,78,87,30,49,26,47,99,114,112,140,49,43,48,73,84,50,62,88,87,39,95,104,218,227,235,109,116,51,37,202,229,240,232,225,220,124,40,184,229,216,213,188,149,133,57,67,207,189,206,205,99,57,249,94,214,197,194,163,212,72,0
30,27,40,69,86,115,29,48,30,60,92,128,128,143,62,35,28,80,72,52,60,74,95,50,72,111,63,84,92,38,133,48,81,108,117,123,149,114,116,132,83,98,110,57,58,110,107,101,52,97,93,69,76,114,100,72,35,103,83,90,93,91,77,69,1
27,26,42,65,82,91,33,50,26,43,94,115,116,137,45,42,46,73,84,56,65,86,85,38,89,104,204,219,222,95,117,52,36,198,225,234,235,224,216,102,39,128,228,217,210,182,221,125,58,63,207,190,208,205,148,53,248,97,218,193,191,233,146,54,0
29,29,46,65,86,114,24,45,28,64,100,127,127,141,59,35,34,80,69,61,55,73,91,49,78,104,33,81,91,31,130,49,81,108,116,131,148,112,114,90,89,99,110,56,79,109,111,125,98,97,93,70,97,116,100,89,80,101,81,92,94,90,78,88,1
28,28,40,62,86,90,34,50,26,46,90,114,117,131,45,46,41,70,84,54,58,88,89,37,83,102,197,213,219,94,120,47,36,209,225,231,232,225,213,108,37,204,221,213,209,177,123,54,59,84,205,186,228,206,106,74,244,94,216,194,186,210,238,55,0
38,29,36,58,84,98,23,40,31,44,84,124,124,138,56,38,31,70,77,59,56,64,84,49,43,115,68,85,88,41,134,43,97,107,121,121,158,115,113,50,49,90,112,68,69,110,109,109,53,95,93,61,72,107,104,123,81,91,84,74,76,99,101,92,1
31,28,35,61,86,91,32,43,29,41,80,114,115,133,49,38,48,65,81,54,63,88,82,38,91,97,101,223,234,82,127,47,41,199,222,228,240,225,219,157,40,105,223,208,206,171,232,88,47,59,204,192,196,208,243,54,245,102,222,194,188,226,63,52,0
38,26,37,59,85,102,22,41,31,52,87,124,125,137,60,36,31,73,78,59,54,62,82,47,45,111,55,78,88,27,128,43,75,107,117,123,155,114,113,50,96,97,114,65,72,110,109,97,46,95,91,68,74,108,102,62,73,99,83,79,81,100,103,64,1
26,27,36,60,82,91,34,50,28,42,88,113,115,136,43,39,50,70,83,54,55,89,85,39,94,100,119,211,227,88,125,45,36,200,225,231,240,223,215,118,39,118,223,212,208,170,234,132,55,65,205,187,202,207,248,57,246,97,217,195,190,231,196,56,0
33,30,45,65,89,106,28,45,29,60,93,123,123,139,67,32,42,77,63,60,58,70,94,50,81,102,19,81,86,31,117,47,81,109,112,124,147,114,116,143,77,99,106,36,67,108,108,75,84,96,90,69,115,115,97,105,105,101,82,87,91,90,110,70,1
27,30,42,70,84,82,36,48,30,61,104,114,106,129,40,44,40,74,79,62,55,89,82,36,93,219,224,236,231,110,107,49,41,216,238,243,226,223,216,142,44,223,229,212,217,213,103,67,47,131,207,192,207,212,65,77,250,90,211,200,196,118,251,177,0
39,28,38,57,84,100,24,43,35,49,87,120,121,134,57,36,33,72,76,53,60,70,88,46,38,108,84,81,95,50,130,48,109,106,116,123,159,113,113,48,48,91,112,64,68,114,111,153,156,96,84,59,71,108,103,73,114,90,80,72,78,100,84,62,1
29,30,40,64,83,90,38,51,26,49,91,114,112,138,45,40,48,72,86,54,64,89,84,39,93,101,220,223,211,97,124,50,40,201,227,234,235,224,217,96,36,115,227,217,208,177,220,109,61,69,210,191,203,206,132,44,244,100,226,196,189,231,213,54,0
38,29,41,59,85,94,35,46,31,52,84,115,124,132,56,38,28,67,74,62,60,69,86,41,38,108,63,80,90,65,130,43,111,107,112,131,149,114,114,187,45,96,114,68,75,102,111,103,85,95,84,64,72,107,103,95,155,90,80,76,78,101,79,47,1
30,28,35,62,84,88,26,52,28,44,92,111,111,138,52,45,48,76,80,56,67,82,86,38,96,100,220,228,237,94,126,55,36,190,224,240,240,221,216,129,35,103,229,217,204,191,233,80,54,56,211,191,193,202,247,54,247,104,126,198,189,229,63,51,0
40,31,32,49,74,82,34,41,28,42,72,111,118,126,51,41,28,70,80,60,57,67,83,53,88,108,62,86,86,65,132,44,116,103,118,119,155,114,113,194,42,91,115,65,67,114,113,101,103,89,85,46,60,100,105,84,166,112,84,72,71,105,101,73,1
30,30,39,61,80,88,32,52,29,44,94,112,113,140,45,43,49,67,86,54,62,87,89,40,93,102,219,225,222,92,123,50,39,204,224,232,232,223,219,97,37,114,231,217,209,175,226,117,60,66,207,189,205,207,130,46,244,90,219,196,189,233,222,50,0
215,31,30,39,66,73,29,46,32,28,68,108,114,122,52,43,32,66,82,44,69,53,81,49,89,105,75,90,87,51,131,48,115,95,120,113,172,116,114,122,39,91,111,89,86,114,112,72,39,91,91,49,42,99,95,63,64,169,89,76,71,104,52,72,1
26,29,43,71,91,96,29,50,28,57,109,104,102,127,46,42,58,84,87,58,63,82,88,39,95,195,215,233,253,234,109,55,39,205,238,241,249,219,224,111,54,220,231,218,221,219,89,89,48,50,211,189,205,208,65,70,254,97,102,200,197,126,248,250,0
49,33,27,43,70,66,52,53,26,44,73,109,113,117,35,42,29,62,69,66,57,69,76,46,83,106,21,82,84,48,126,99,115,102,118,131,141,116,108,93,37,93,116,71,70,114,100,44,37,91,90,42,64,104,90,46,45,110,80,68,77,104,68,85,1
33,26,36,61,85,99,24,51,28,40,90,111,113,141,44,41,48,67,87,54,72,80,83,37,92,94,157,217,228,83,127,48,38,175,222,234,239,221,214,160,38,99,227,212,206,169,236,94,56,52,206,193,197,206,248,49,252,104,168,198,187,220,71,60,0
29,30,34,48,79,85,39,45,26,44,79,115,117,123,58,42,25,61,70,59,61,69,88,45,62,107,65,84,88,53,128,210,115,102,117,120,150,113,113,118,35,93,114,65,70,109,111,70,37,90,86,54,74,105,98,98,41,99,84,74,75,103,114,60,1
33,26,36,56,81,91,30,44,29,39,82,114,115,134,50,40,50,69,85,57,69,87,83,37,87,96,108,217,227,80,128,50,35,192,220,225,240,225,220,156,37,103,217,205,207,168,230,75,51,59,200,198,197,206,240,52,205,105,217,195,188,224,65,53,0
35,27,27,42,71,74,40,58,26,37,73,111,111,121,48,46,28,62,74,59,56,62,80,119,80,107,67,84,85,60,130,226,112,102,117,128,148,115,111,109,37,91,116,64,63,114,103,57,32,90,85,45,59,106,140,93,33,89,87,69,78,103,121,84,1
29,30,37,65,86,96,34,52,28,47,102,108,109,140,47,41,54,71,85,56,66,88,87,38,89,119,218,230,237,103,118,54,38,203,227,239,233,223,223,123,39,153,231,220,213,194,224,138,48,69,207,189,202,200,103,57,252,98,191,199,192,170,220,233,0
35,31,35,54,80,93,36,50,25,45,77,115,116,136,57,43,27,68,79,50,66,64,108,53,72,110,80,85,83,54,129,77,116,103,123,116,173,114,115,136,35,97,112,64,55,113,106,55,39,93,90,63,72,103,100,158,48,100,84,74,75,99,159,119,1
29,28,38,62,81,81,42,52,28,45,81,115,117,130,39,39,45,72,79,58,55,89,82,41,75,105,99,198,152,87,124,48,41,201,223,225,243,221,219,126,38,126,212,201,204,179,226,74,54,70,205,195,210,207,254,77,249,97,217,197,190,226,186,54,0
29,31,29,49,69,83,31,56,27,41,76,109,118,124,54,49,26,68,76,58,67,67,86,65,79,105,65,88,95,56,131,162,112,103,124,121,161,115,114,76,37,96,113,59,67,116,111,193,35,90,89,51,62,103,120,144,43,73,85,73,74,105,167,159,1
28,28,35,62,82,90,41,51,27,40,81,116,117,133,41,39,45,70,86,56,57,91,83,38,82,102,100,209,172,87,126,46,41,201,221,225,244,225,219,130,42,126,213,200,205,175,226,92,48,71,205,195,210,209,254,74,246,98,218,197,189,226,194,58,0
33,28,33,49,71,84,33,53,28,44,75,110,118,125,60,47,26,68,70,64,74,54,74,56,44,102,60,85,83,36,127,118,118,105,123,110,155,115,119,61,36,96,112,66,67,109,111,85,36,91,93,70,74,109,104,161,54,91,84,77,76,103,170,170,1
29,29,30,46,75,67,46,46,26,35,70,108,115,117,35,43,102,71,79,54,53,90,75,38,98,93,104,163,126,92,108,49,35,122,221,228,240,222,217,133,40,138,228,215,208,178,109,54,65,50,212,189,202,203,65,70,255,102,101,199,198,124,253,252,0
36,35,34,46,78,86,34,51,26,43,82,110,117,127,55,48,25,63,71,60,68,64,87,59,52,109,59,84,83,37,132,78,126,100,125,117,158,113,116,51,38,94,114,71,64,112,111,104,37,95,87,63,76,110,102,165,48,91,83,76,75,101,109,140,1
28,28,34,61,79,82,41,49,29,43,81,114,115,131,40,41,46,70,80,55,57,91,79,38,83,101,95,206,166,86,126,46,38,200,223,226,240,225,217,129,38,121,212,197,203,175,234,87,54,68,204,191,207,210,247,73,245,96,214,195,189,227,199,52,0
38,40,35,53,80,83,31,53,27,45,81,113,119,129,57,44,26,65,66,58,68,59,86,49,40,104,32,87,86,37,131,64,104,106,119,119,147,114,119,49,39,97,111,61,76,108,112,111,39,89,91,64,72,109,105,158,54,89,84,70,82,102,108,164,1
33,28,32,60,87,63,46,39,31,43,85,117,120,123,30,37,50,71,90,58,59,93,70,36,93,107,222,224,224,105,100,45,41,198,230,240,227,226,84,158,37,212,233,213,219,208,45,89,45,48,211,190,207,208,47,54,255,95,99,202,199,109,255,252,0
31,25,42,68,85,107,32,56,29,58,90,119,125,138,68,39,29,77,69,57,62,72,90,53,58,107,74,81,91,60,128,56,75,107,116,124,152,114,116,137,31,97,113,60,75,113,109,98,37,94,89,68,78,115,102,56,68,99,84,88,91,97,87,53,1
35,26,32,47,71,53,51,45,29,38,75,110,117,112,25,37,83,71,83,55,56,91,76,38,85,98,96,144,115,100,104,45,40,193,221,223,236,220,216,132,38,99,225,213,209,180,57,83,49,53,210,190,213,206,62,94,252,100,120,199,193,129,255,211,0
36,31,32,50,77,90,41,54,26,40,78,112,119,129,53,48,24,63,76,50,66,58,89,54,47,108,65,85,85,45,130,45,122,101,119,116,165,115,115,54,39,92,116,61,64,113,111,112,35,90,89,58,70,105,102,115,48,92,85,75,76,100,67,65,1
31,30,39,67,84,90,33,54,31,55,100,110,108,138,44,44,50,72,87,55,63,85,88,37,82,114,214,226,234,102,113,51,40,207,228,235,229,224,222,79,36,216,229,214,211,182,129,116,50,67,209,192,206,201,87,66,250,96,217,199,189,145,248,228,0
36,32,33,52,78,91,47,53,27,39,75,117,119,131,57,43,25,68,77,54,63,71,86,52,56,109,81,77,88,63,132,41,119,102,120,122,164,113,112,57,36,93,114,61,69,111,113,92,37,88,84,46,61,103,109,102,60,94,84,73,72,101,90,66,1
35,28,37,57,81,79,36,49,31,39,77,114,117,123,32,50,52,71,80,57,57,89,81,41,86,100,97,210,149,89,110,48,38,197,224,224,237,224,216,168,40,110,225,210,208,178,116,64,54,61,208,189,217,205,82,74,251,96,194,197,187,145,251,128,0
34,30,31,47,76,85,53,52,26,46,79,112,114,122,56,43,25,62,69,53,65,69,89,60,60,107,54,78,86,54,131,39,121,105,118,117,154,115,112,46,38,94,114,60,62,101,111,98,33,87,84,49,65,107,100,101,47,89,80,70,73,103,88,69,1
22,30,26,42,68,58,53,49,36,33,66,102,108,112,29,39,41,68,82,58,59,87,73,36,47,90,105,114,110,93,105,50,47,85,222,227,239,222,221,174,51,84,231,215,208,183,100,92,70,55,214,192,202,203,50,56,252,229,82,199,198,110,254,252,0
34,27,32,44,68,79,52,53,26,42,76,107,114,122,46,48,24,65,71,57,63,67,85,56,50,108,60,80,87,50,131,36,119,102,119,120,149,115,111,44,37,92,113,60,69,99,111,56,35,89,84,49,67,108,64,91,53,86,84,75,71,104,81,67,1
30,30,36,61,81,92,27,51,31,45,91,109,113,141,41,43,51,72,87,57,61,86,82,40,84,110,225,210,205,95,119,53,39,205,224,230,234,222,216,107,43,137,226,214,206,171,203,83,47,57,208,189,206,205,114,67,251,96,216,195,190,215,244,135,0
35,31,28,49,73,81,51,48,26,38,75,112,118,126,50,44,24,62,74,58,56,72,85,53,43,106,63,78,89,62,131,44,117,102,119,123,149,114,111,44,33,90,114,62,64,93,112,79,33,88,81,52,72,107,80,78,50,91,82,71,71,105,70,58,1
30,30,50,65,85,95,38,53,28,58,104,106,103,137,45,47,56,73,81,61,58,87,86,40,99,195,204,225,234,102,114,48,42,210,231,241,230,224,215,111,37,221,227,215,211,182,111,73,48,137,210,189,213,204,79,86,252,95,214,200,190,137,253,247,0
36,27,31,42,61,80,52,39,26,39,69,98,111,116,46,46,26,63,61,63,64,53,69,50,37,97,55,76,76,36,125,42,123,104,115,111,151,110,116,45,36,94,108,60,65,105,108,56,38,88,88,61,68,107,100,80,47,86,81,72,71,97,121,62,1
30,29,40,64,83,90,27,51,28,48,96,107,109,136,48,43,46,71,85,54,65,87,85,41,91,127,220,223,219,93,119,55,38,203,228,235,235,221,218,73,31,221,227,215,206,174,143,65,54,104,209,189,210,207,94,77,253,99,208,194,190,161,247,209,0
35,26,28,43,68,76,65,48,26,41,72,111,112,123,43,41,27,62,57,62,71,46,73,49,37,97,52,79,82,33,129,42,121,102,123,116,149,113,113,41,36,95,109,54,71,106,110,52,35,87,86,64,71,105,103,116,42,88,81,71,71,99,80,49,1
30,28,40,61,83,92,38,49,28,49,88,114,117,131,41,44,37,71,88,60,57,92,85,42,66,106,108,219,178,89,118,51,42,211,222,227,241,221,195,195,43,211,216,201,210,167,102,63,43,132,206,191,224,210,110,89,249,90,210,193,189,220,252,55,0
35,30,31,47,72,88,44,43,25,43,79,112,112,125,54,40,27,62,62,63,71,52,83,47,52,108,55,77,82,33,124,47,120,105,122,118,152,113,110,48,37,93,110,68,72,109,106,89,35,90,87,66,73,106,95,76,47,87,82,74,75,99,119,66,1
26,33,49,74,92,91,39,52,28,63,108,101,101,129,38,45,39,70,77,60,57,93,89,39,108,207,218,237,230,112,104,49,38,218,238,244,228,220,123,142,32,224,227,208,210,201,55,75,47,176,199,188,209,215,69,45,255,91,212,200,196,126,250,248,0
31,29,31,49,77,86,54,49,31,42,80,118,121,128,48,40,29,62,68,63,64,70,80,43,56,113,55,87,96,45,115,38,125,105,121,129,150,116,108,48,37,100,117,68,66,101,99,59,36,93,88,48,69,102,63,90,61,95,84,74,77,102,92,72,1